input,output,industry,tone
TYPE=headline | INDUSTRY=ecommerce | TONE=urgent | PRODUCT=b?nh gi? nhi?t th?p 316 | AUDIENCE=d?n v?n ph?ng mang c? ph? ?i l?m | FEATURES=gi? n?ng 8 gi?; n?p ch?ng tr?n; d? v? sinh | OFFER=freeship cho ??n t? 2 s?n ph?m | BRAND_RULES=vi?t r? r?ng; c? d?u; kh?ng b?a s? li?u; kh?ng ph?ng ??i; CTA m?m,Headline: B?nh gi? nhi?t th?p 316 cho d?n v?n ph?ng mang c? ph? ?i l?m | Subheadline: Thi?t k? th?c t?; d?ng h?ng ng?y tho?i m?i h?n nh? gi? n?ng 8 gi?; n?p ch?ng tr?n; d? v? sinh. | CTA: Xem l?a ch?n ph? h?p h?m nay.,ecommerce,urgent
TYPE=description | INDUSTRY=ecommerce | TONE=emotional | PRODUCT=b?nh gi? nhi?t th?p 316 | AUDIENCE=d?n v?n ph?ng mang c? ph? ?i l?m | FEATURES=gi? n?ng 8 gi?; n?p ch?ng tr?n; d? v? sinh | OFFER=freeship cho ??n t? 2 s?n ph?m | BRAND_RULES=vi?t r? r?ng; c? d?u; kh?ng b?a s? li?u; kh?ng ph?ng ??i; CTA m?m,M? t? ng?n: B?nh gi? nhi?t th?p 316 d?nh cho d?n v?n ph?ng mang c? ph? ?i l?m; t?p trung v?o tr?i nghi?m d? d?ng v? ??ng tin c?y. | L?i ?ch ch?nh: | - Gi?i quy?t nhu c?u th??ng g?p b?ng gi? n?ng 8 gi?; n?p ch?ng tr?n; d? v? sinh. | - D? b?t ??u; d? duy tr? trong sinh ho?t h?ng ng?y. | ?i?m c?n bi?t: N?i dung kh?ng b?a th?m ch?ng nh?n hay con s? ngo?i brief. | CTA: Nh?n tin ?? ???c t? v?n l?a ch?n ph? h?p.,ecommerce,emotional
TYPE=social | INDUSTRY=ecommerce | TONE=friendly | PRODUCT=b?nh gi? nhi?t th?p 316 | AUDIENCE=d?n v?n ph?ng mang c? ph? ?i l?m | FEATURES=gi? n?ng 8 gi?; n?p ch?ng tr?n; d? v? sinh | OFFER=freeship cho ??n t? 2 s?n ph?m | BRAND_RULES=vi?t r? r?ng; c? d?u; kh?ng b?a s? li?u; kh?ng ph?ng ??i; CTA m?m,Hook: D?n v?n ph?ng mang c? ph? ?i l?m th??ng c?n m?t l?a ch?n ??n gi?n m? d?ng ???c l?u. | Caption: B?nh gi? nhi?t th?p 316 gi?p vi?c h?ng ng?y nh? h?n nh? gi? n?ng 8 gi?; n?p ch?ng tr?n; d? v? sinh. T?ng th?n thi?n; r? l?i ?ch; kh?ng n?i qu? v? kh?ng t?o c?m gi?c ?p mua. | L? do n?n c?n nh?c: | - Ph? h?p v?i nhu c?u th?c t?. | - C? ?u ??i: freeship cho ??n t? 2 s?n ph?m. | CTA: L?u l?i ho?c nh?n shop ?? h?i th?m tr??c khi ch?n.,ecommerce,friendly
TYPE=email | INDUSTRY=ecommerce | TONE=professional | PRODUCT=b?nh gi? nhi?t th?p 316 | AUDIENCE=d?n v?n ph?ng mang c? ph? ?i l?m | FEATURES=gi? n?ng 8 gi?; n?p ch?ng tr?n; d? v? sinh | OFFER=freeship cho ??n t? 2 s?n ph?m | BRAND_RULES=vi?t r? r?ng; c? d?u; kh?ng b?a s? li?u; kh?ng ph?ng ??i; CTA m?m,Subject: G?i ? b?nh gi? nhi?t th?p 316 d?nh cho b?n | Preview text: M?t l?a ch?n th?c t? cho d?n v?n ph?ng mang c? ph? ?i l?m. | L?i ch?o: Ch?o b?n; | N?i dung ch?nh: N?u b?n ?ang t?m b?nh gi? nhi?t th?p 316; ?i?m ??ng ch? ? l? gi? n?ng 8 gi?; n?p ch?ng tr?n; d? v? sinh. S?n ph?m ph? h?p v?i d?n v?n ph?ng mang c? ph? ?i l?m mu?n ch?n nhanh nh?ng v?n c?n th?ng tin r? r?ng. | ?u ??i hi?n c?: freeship cho ??n t? 2 s?n ph?m. | CTA: Tr? l?i email n?y ?? ???c t? v?n l?a ch?n ph? h?p.,ecommerce,professional
TYPE=cta | INDUSTRY=ecommerce | TONE=luxury | PRODUCT=b?nh gi? nhi?t th?p 316 | AUDIENCE=d?n v?n ph?ng mang c? ph? ?i l?m | FEATURES=gi? n?ng 8 gi?; n?p ch?ng tr?n; d? v? sinh | OFFER=freeship cho ??n t? 2 s?n ph?m | BRAND_RULES=vi?t r? r?ng; c? d?u; kh?ng b?a s? li?u; kh?ng ph?ng ??i; CTA m?m,CTA ch?nh: T?m l?a ch?n ph? h?p v?i b?n | Microcopy: Xem th?m th?ng tin v? b?nh gi? nhi?t th?p 316 v? h?i tr??c khi quy?t ??nh. | Ng? c?nh d?ng: ??t d??i ph?n m? t? ho?c cu?i landing page ?? chuy?n t? quan t?m sang h?nh ??ng.,ecommerce,luxury
TYPE=landing | INDUSTRY=ecommerce | TONE=urgent | PRODUCT=b?nh gi? nhi?t th?p 316 | AUDIENCE=d?n v?n ph?ng mang c? ph? ?i l?m | FEATURES=gi? n?ng 8 gi?; n?p ch?ng tr?n; d? v? sinh | OFFER=freeship cho ??n t? 2 s?n ph?m | BRAND_RULES=vi?t r? r?ng; c? d?u; kh?ng b?a s? li?u; kh?ng ph?ng ??i; CTA m?m,Hero headline: B?nh gi? nhi?t th?p 316 cho d?n v?n ph?ng mang c? ph? ?i l?m | Subheadline: M?t l?a ch?n kh?n tr??ng nh?ng kh?ng g?y ?p l?c qu? ??; r? c?ng d?ng v? kh?ng th?i ph?ng. | L?i ?ch ch?nh: | - H? tr? nhu c?u nh? gi? n?ng 8 gi?; n?p ch?ng tr?n; d? v? sinh. | - Th?ng tin minh b?ch; d? so s?nh tr??c khi mua. | - C? ?u ??i: freeship cho ??n t? 2 s?n ph?m. | B?ng ch?ng ph? h?p: Ch? d?ng d? ki?n c? trong brief; kh?ng b?a s? review ho?c ch?ng nh?n. | CTA: Nh?n tin ?? ???c t? v?n tr??c khi ??t h?ng.,ecommerce,urgent
TYPE=seo | INDUSTRY=ecommerce | TONE=emotional | PRODUCT=b?nh gi? nhi?t th?p 316 | AUDIENCE=d?n v?n ph?ng mang c? ph? ?i l?m | FEATURES=gi? n?ng 8 gi?; n?p ch?ng tr?n; d? v? sinh | OFFER=freeship cho ??n t? 2 s?n ph?m | BRAND_RULES=vi?t r? r?ng; c? d?u; kh?ng b?a s? li?u; kh?ng ph?ng ??i; CTA m?m,SEO title: B?nh gi? nhi?t th?p 316 cho d?n v?n ph?ng mang c? ph? ?i l?m | Meta description: T?m hi?u b?nh gi? nhi?t th?p 316 v?i ?i?m m?nh gi? n?ng 8 gi?; n?p ch?ng tr?n; d? v? sinh. Th?ng tin r? r?ng; kh?ng ph?ng ??i; c? ?u ??i freeship cho ??n t? 2 s?n ph?m. | Slug: b-nh-gi-nhi-t-th-p-316 | Heading g?i ?: | - H2: V? sao d?n v?n ph?ng mang c? ph? ?i l?m n?n c?n nh?c? | - H2: L?i ?ch ch?nh c?a s?n ph?m | - H3: C?ch ch?n tr??c khi mua,ecommerce,emotional
TYPE=review | INDUSTRY=ecommerce | TONE=friendly | PRODUCT=b?nh gi? nhi?t th?p 316 | AUDIENCE=d?n v?n ph?ng mang c? ph? ?i l?m | FEATURES=gi? n?ng 8 gi?; n?p ch?ng tr?n; d? v? sinh | OFFER=freeship cho ??n t? 2 s?n ph?m | BRAND_RULES=vi?t r? r?ng; c? d?u; kh?ng b?a s? li?u; kh?ng ph?ng ??i; CTA m?m,Quote: "T?i ch?n b?nh gi? nhi?t th?p 316 v? th?ng tin r? r?ng v? ??ng nhu c?u. ?i?m t?i th?ch l? gi? n?ng 8 gi?; n?p ch?ng tr?n; d? v? sinh; kh?ng c?n nghe nh?ng l?i qu?ng c?o qu? ??." | Ng??i ??nh gi?: Kh?ch h?ng thu?c nh?m d?n v?n ph?ng mang c? ph? ?i l?m. | B?i c?nh: C?n m?t l?a ch?n ??ng tin tr??c khi mua. | K?t qu?: Hi?u nhanh l?i ?ch v? d? quy?t ??nh h?n. | CTA m?m: N?u b?n c? nhu c?u t??ng t?; h?y h?i th?m th?ng tin tr??c khi ch?n.,ecommerce,friendly
TYPE=headline | INDUSTRY=beauty | TONE=emotional | PRODUCT=serum ph?c h?i da nh?y c?m | AUDIENCE=ng??i m?i treatment b? kh? r?t | FEATURES=B5; panthenol; kh?ng h??ng li?u | OFFER=t? v?n routine mi?n ph? | BRAND_RULES=vi?t r? r?ng; c? d?u; kh?ng b?a s? li?u; kh?ng ph?ng ??i; CTA m?m,Headline: Serum ph?c h?i da nh?y c?m cho ng??i m?i treatment b? kh? r?t | Subheadline: Thi?t k? th?c t?; d?ng h?ng ng?y tho?i m?i h?n nh? B5; panthenol; kh?ng h??ng li?u. | CTA: Xem l?a ch?n ph? h?p h?m nay.,beauty,emotional
TYPE=description | INDUSTRY=beauty | TONE=friendly | PRODUCT=serum ph?c h?i da nh?y c?m | AUDIENCE=ng??i m?i treatment b? kh? r?t | FEATURES=B5; panthenol; kh?ng h??ng li?u | OFFER=t? v?n routine mi?n ph? | BRAND_RULES=vi?t r? r?ng; c? d?u; kh?ng b?a s? li?u; kh?ng ph?ng ??i; CTA m?m,M? t? ng?n: Serum ph?c h?i da nh?y c?m d?nh cho ng??i m?i treatment b? kh? r?t; t?p trung v?o tr?i nghi?m d? d?ng v? ??ng tin c?y. | L?i ?ch ch?nh: | - Gi?i quy?t nhu c?u th??ng g?p b?ng B5; panthenol; kh?ng h??ng li?u. | - D? b?t ??u; d? duy tr? trong sinh ho?t h?ng ng?y. | ?i?m c?n bi?t: N?i dung kh?ng b?a th?m ch?ng nh?n hay con s? ngo?i brief. | CTA: Nh?n tin ?? ???c t? v?n l?a ch?n ph? h?p.,beauty,friendly
TYPE=social | INDUSTRY=beauty | TONE=professional | PRODUCT=serum ph?c h?i da nh?y c?m | AUDIENCE=ng??i m?i treatment b? kh? r?t | FEATURES=B5; panthenol; kh?ng h??ng li?u | OFFER=t? v?n routine mi?n ph? | BRAND_RULES=vi?t r? r?ng; c? d?u; kh?ng b?a s? li?u; kh?ng ph?ng ??i; CTA m?m,Hook: Ng??i m?i treatment b? kh? r?t th??ng c?n m?t l?a ch?n ??n gi?n m? d?ng ???c l?u. | Caption: Serum ph?c h?i da nh?y c?m gi?p vi?c h?ng ng?y nh? h?n nh? B5; panthenol; kh?ng h??ng li?u. T?ng chuy?n nghi?p; r? l?i ?ch; kh?ng n?i qu? v? kh?ng t?o c?m gi?c ?p mua. | L? do n?n c?n nh?c: | - Ph? h?p v?i nhu c?u th?c t?. | - C? ?u ??i: t? v?n routine mi?n ph?. | CTA: L?u l?i ho?c nh?n shop ?? h?i th?m tr??c khi ch?n.,beauty,professional
TYPE=email | INDUSTRY=beauty | TONE=luxury | PRODUCT=serum ph?c h?i da nh?y c?m | AUDIENCE=ng??i m?i treatment b? kh? r?t | FEATURES=B5; panthenol; kh?ng h??ng li?u | OFFER=t? v?n routine mi?n ph? | BRAND_RULES=vi?t r? r?ng; c? d?u; kh?ng b?a s? li?u; kh?ng ph?ng ??i; CTA m?m,Subject: G?i ? serum ph?c h?i da nh?y c?m d?nh cho b?n | Preview text: M?t l?a ch?n th?c t? cho ng??i m?i treatment b? kh? r?t. | L?i ch?o: Ch?o b?n; | N?i dung ch?nh: N?u b?n ?ang t?m serum ph?c h?i da nh?y c?m; ?i?m ??ng ch? ? l? B5; panthenol; kh?ng h??ng li?u. S?n ph?m ph? h?p v?i ng??i m?i treatment b? kh? r?t mu?n ch?n nhanh nh?ng v?n c?n th?ng tin r? r?ng. | ?u ??i hi?n c?: t? v?n routine mi?n ph?. | CTA: Tr? l?i email n?y ?? ???c t? v?n l?a ch?n ph? h?p.,beauty,luxury
TYPE=cta | INDUSTRY=beauty | TONE=urgent | PRODUCT=serum ph?c h?i da nh?y c?m | AUDIENCE=ng??i m?i treatment b? kh? r?t | FEATURES=B5; panthenol; kh?ng h??ng li?u | OFFER=t? v?n routine mi?n ph? | BRAND_RULES=vi?t r? r?ng; c? d?u; kh?ng b?a s? li?u; kh?ng ph?ng ??i; CTA m?m,CTA ch?nh: T?m l?a ch?n ph? h?p v?i b?n | Microcopy: Xem th?m th?ng tin v? serum ph?c h?i da nh?y c?m v? h?i tr??c khi quy?t ??nh. | Ng? c?nh d?ng: ??t d??i ph?n m? t? ho?c cu?i landing page ?? chuy?n t? quan t?m sang h?nh ??ng.,beauty,urgent
TYPE=landing | INDUSTRY=beauty | TONE=emotional | PRODUCT=serum ph?c h?i da nh?y c?m | AUDIENCE=ng??i m?i treatment b? kh? r?t | FEATURES=B5; panthenol; kh?ng h??ng li?u | OFFER=t? v?n routine mi?n ph? | BRAND_RULES=vi?t r? r?ng; c? d?u; kh?ng b?a s? li?u; kh?ng ph?ng ??i; CTA m?m,Hero headline: Serum ph?c h?i da nh?y c?m cho ng??i m?i treatment b? kh? r?t | Subheadline: M?t l?a ch?n c?m x?c; g?n g?i; r? c?ng d?ng v? kh?ng th?i ph?ng. | L?i ?ch ch?nh: | - H? tr? nhu c?u nh? B5; panthenol; kh?ng h??ng li?u. | - Th?ng tin minh b?ch; d? so s?nh tr??c khi mua. | - C? ?u ??i: t? v?n routine mi?n ph?. | B?ng ch?ng ph? h?p: Ch? d?ng d? ki?n c? trong brief; kh?ng b?a s? review ho?c ch?ng nh?n. | CTA: Nh?n tin ?? ???c t? v?n tr??c khi ??t h?ng.,beauty,emotional
TYPE=seo | INDUSTRY=beauty | TONE=friendly | PRODUCT=serum ph?c h?i da nh?y c?m | AUDIENCE=ng??i m?i treatment b? kh? r?t | FEATURES=B5; panthenol; kh?ng h??ng li?u | OFFER=t? v?n routine mi?n ph? | BRAND_RULES=vi?t r? r?ng; c? d?u; kh?ng b?a s? li?u; kh?ng ph?ng ??i; CTA m?m,SEO title: Serum ph?c h?i da nh?y c?m cho ng??i m?i treatment b? kh? r?t | Meta description: T?m hi?u serum ph?c h?i da nh?y c?m v?i ?i?m m?nh B5; panthenol; kh?ng h??ng li?u. Th?ng tin r? r?ng; kh?ng ph?ng ??i; c? ?u ??i t? v?n routine mi?n ph?. | Slug: serum-ph-c-h-i-da-nh-y-c-m | Heading g?i ?: | - H2: V? sao ng??i m?i treatment b? kh? r?t n?n c?n nh?c? | - H2: L?i ?ch ch?nh c?a s?n ph?m | - H3: C?ch ch?n tr??c khi mua,beauty,friendly
TYPE=review | INDUSTRY=beauty | TONE=professional | PRODUCT=serum ph?c h?i da nh?y c?m | AUDIENCE=ng??i m?i treatment b? kh? r?t | FEATURES=B5; panthenol; kh?ng h??ng li?u | OFFER=t? v?n routine mi?n ph? | BRAND_RULES=vi?t r? r?ng; c? d?u; kh?ng b?a s? li?u; kh?ng ph?ng ??i; CTA m?m,Quote: "T?i ch?n serum ph?c h?i da nh?y c?m v? th?ng tin r? r?ng v? ??ng nhu c?u. ?i?m t?i th?ch l? B5; panthenol; kh?ng h??ng li?u; kh?ng c?n nghe nh?ng l?i qu?ng c?o qu? ??." | Ng??i ??nh gi?: Kh?ch h?ng thu?c nh?m ng??i m?i treatment b? kh? r?t. | B?i c?nh: C?n m?t l?a ch?n ??ng tin tr??c khi mua. | K?t qu?: Hi?u nhanh l?i ?ch v? d? quy?t ??nh h?n. | CTA m?m: N?u b?n c? nhu c?u t??ng t?; h?y h?i th?m th?ng tin tr??c khi ch?n.,beauty,professional
TYPE=headline | INDUSTRY=ecommerce | TONE=professional | PRODUCT=m?y xay mini s?c USB | AUDIENCE=ng??i b?n r?n th?ch sinh t? nhanh | FEATURES=c?c th?o r?i; l??i inox; s?c USB-C | OFFER=t?ng t?i v?i ??ng m?y | BRAND_RULES=vi?t r? r?ng; c? d?u; kh?ng b?a s? li?u; kh?ng ph?ng ??i; CTA m?m,Headline: M?y xay mini s?c usb cho ng??i b?n r?n th?ch sinh t? nhanh | Subheadline: Thi?t k? th?c t?; d?ng h?ng ng?y tho?i m?i h?n nh? c?c th?o r?i; l??i inox; s?c USB-C. | CTA: Xem l?a ch?n ph? h?p h?m nay.,ecommerce,professional
TYPE=description | INDUSTRY=ecommerce | TONE=luxury | PRODUCT=m?y xay mini s?c USB | AUDIENCE=ng??i b?n r?n th?ch sinh t? nhanh | FEATURES=c?c th?o r?i; l??i inox; s?c USB-C | OFFER=t?ng t?i v?i ??ng m?y | BRAND_RULES=vi?t r? r?ng; c? d?u; kh?ng b?a s? li?u; kh?ng ph?ng ??i; CTA m?m,M? t? ng?n: M?y xay mini s?c usb d?nh cho ng??i b?n r?n th?ch sinh t? nhanh; t?p trung v?o tr?i nghi?m d? d?ng v? ??ng tin c?y. | L?i ?ch ch?nh: | - Gi?i quy?t nhu c?u th??ng g?p b?ng c?c th?o r?i; l??i inox; s?c USB-C. | - D? b?t ??u; d? duy tr? trong sinh ho?t h?ng ng?y. | ?i?m c?n bi?t: N?i dung kh?ng b?a th?m ch?ng nh?n hay con s? ngo?i brief. | CTA: Nh?n tin ?? ???c t? v?n l?a ch?n ph? h?p.,ecommerce,luxury
TYPE=social | INDUSTRY=ecommerce | TONE=urgent | PRODUCT=m?y xay mini s?c USB | AUDIENCE=ng??i b?n r?n th?ch sinh t? nhanh | FEATURES=c?c th?o r?i; l??i inox; s?c USB-C | OFFER=t?ng t?i v?i ??ng m?y | BRAND_RULES=vi?t r? r?ng; c? d?u; kh?ng b?a s? li?u; kh?ng ph?ng ??i; CTA m?m,Hook: Ng??i b?n r?n th?ch sinh t? nhanh th??ng c?n m?t l?a ch?n ??n gi?n m? d?ng ???c l?u. | Caption: M?y xay mini s?c usb gi?p vi?c h?ng ng?y nh? h?n nh? c?c th?o r?i; l??i inox; s?c USB-C. T?ng kh?n tr??ng nh?ng kh?ng g?y ?p l?c qu? ??; r? l?i ?ch; kh?ng n?i qu? v? kh?ng t?o c?m gi?c ?p mua. | L? do n?n c?n nh?c: | - Ph? h?p v?i nhu c?u th?c t?. | - C? ?u ??i: t?ng t?i v?i ??ng m?y. | CTA: L?u l?i ho?c nh?n shop ?? h?i th?m tr??c khi ch?n.,ecommerce,urgent
TYPE=email | INDUSTRY=ecommerce | TONE=emotional | PRODUCT=m?y xay mini s?c USB | AUDIENCE=ng??i b?n r?n th?ch sinh t? nhanh | FEATURES=c?c th?o r?i; l??i inox; s?c USB-C | OFFER=t?ng t?i v?i ??ng m?y | BRAND_RULES=vi?t r? r?ng; c? d?u; kh?ng b?a s? li?u; kh?ng ph?ng ??i; CTA m?m,Subject: G?i ? m?y xay mini s?c USB d?nh cho b?n | Preview text: M?t l?a ch?n th?c t? cho ng??i b?n r?n th?ch sinh t? nhanh. | L?i ch?o: Ch?o b?n; | N?i dung ch?nh: N?u b?n ?ang t?m m?y xay mini s?c USB; ?i?m ??ng ch? ? l? c?c th?o r?i; l??i inox; s?c USB-C. S?n ph?m ph? h?p v?i ng??i b?n r?n th?ch sinh t? nhanh mu?n ch?n nhanh nh?ng v?n c?n th?ng tin r? r?ng. | ?u ??i hi?n c?: t?ng t?i v?i ??ng m?y. | CTA: Tr? l?i email n?y ?? ???c t? v?n l?a ch?n ph? h?p.,ecommerce,emotional
TYPE=cta | INDUSTRY=ecommerce | TONE=friendly | PRODUCT=m?y xay mini s?c USB | AUDIENCE=ng??i b?n r?n th?ch sinh t? nhanh | FEATURES=c?c th?o r?i; l??i inox; s?c USB-C | OFFER=t?ng t?i v?i ??ng m?y | BRAND_RULES=vi?t r? r?ng; c? d?u; kh?ng b?a s? li?u; kh?ng ph?ng ??i; CTA m?m,CTA ch?nh: T?m l?a ch?n ph? h?p v?i b?n | Microcopy: Xem th?m th?ng tin v? m?y xay mini s?c USB v? h?i tr??c khi quy?t ??nh. | Ng? c?nh d?ng: ??t d??i ph?n m? t? ho?c cu?i landing page ?? chuy?n t? quan t?m sang h?nh ??ng.,ecommerce,friendly
TYPE=landing | INDUSTRY=ecommerce | TONE=professional | PRODUCT=m?y xay mini s?c USB | AUDIENCE=ng??i b?n r?n th?ch sinh t? nhanh | FEATURES=c?c th?o r?i; l??i inox; s?c USB-C | OFFER=t?ng t?i v?i ??ng m?y | BRAND_RULES=vi?t r? r?ng; c? d?u; kh?ng b?a s? li?u; kh?ng ph?ng ??i; CTA m?m,Hero headline: M?y xay mini s?c usb cho ng??i b?n r?n th?ch sinh t? nhanh | Subheadline: M?t l?a ch?n chuy?n nghi?p; r? c?ng d?ng v? kh?ng th?i ph?ng. | L?i ?ch ch?nh: | - H? tr? nhu c?u nh? c?c th?o r?i; l??i inox; s?c USB-C. | - Th?ng tin minh b?ch; d? so s?nh tr??c khi mua. | - C? ?u ??i: t?ng t?i v?i ??ng m?y. | B?ng ch?ng ph? h?p: Ch? d?ng d? ki?n c? trong brief; kh?ng b?a s? review ho?c ch?ng nh?n. | CTA: Nh?n tin ?? ???c t? v?n tr??c khi ??t h?ng.,ecommerce,professional
TYPE=seo | INDUSTRY=ecommerce | TONE=luxury | PRODUCT=m?y xay mini s?c USB | AUDIENCE=ng??i b?n r?n th?ch sinh t? nhanh | FEATURES=c?c th?o r?i; l??i inox; s?c USB-C | OFFER=t?ng t?i v?i ??ng m?y | BRAND_RULES=vi?t r? r?ng; c? d?u; kh?ng b?a s? li?u; kh?ng ph?ng ??i; CTA m?m,SEO title: M?y xay mini s?c usb cho ng??i b?n r?n th?ch sinh t? nhanh | Meta description: T?m hi?u m?y xay mini s?c USB v?i ?i?m m?nh c?c th?o r?i; l??i inox; s?c USB-C. Th?ng tin r? r?ng; kh?ng ph?ng ??i; c? ?u ??i t?ng t?i v?i ??ng m?y. | Slug: m-y-xay-mini-s-c-usb | Heading g?i ?: | - H2: V? sao ng??i b?n r?n th?ch sinh t? nhanh n?n c?n nh?c? | - H2: L?i ?ch ch?nh c?a s?n ph?m | - H3: C?ch ch?n tr??c khi mua,ecommerce,luxury
TYPE=review | INDUSTRY=ecommerce | TONE=urgent | PRODUCT=m?y xay mini s?c USB | AUDIENCE=ng??i b?n r?n th?ch sinh t? nhanh | FEATURES=c?c th?o r?i; l??i inox; s?c USB-C | OFFER=t?ng t?i v?i ??ng m?y | BRAND_RULES=vi?t r? r?ng; c? d?u; kh?ng b?a s? li?u; kh?ng ph?ng ??i; CTA m?m,Quote: "T?i ch?n m?y xay mini s?c USB v? th?ng tin r? r?ng v? ??ng nhu c?u. ?i?m t?i th?ch l? c?c th?o r?i; l??i inox; s?c USB-C; kh?ng c?n nghe nh?ng l?i qu?ng c?o qu? ??." | Ng??i ??nh gi?: Kh?ch h?ng thu?c nh?m ng??i b?n r?n th?ch sinh t? nhanh. | B?i c?nh: C?n m?t l?a ch?n ??ng tin tr??c khi mua. | K?t qu?: Hi?u nhanh l?i ?ch v? d? quy?t ??nh h?n. | CTA m?m: N?u b?n c? nhu c?u t??ng t?; h?y h?i th?m th?ng tin tr??c khi ch?n.,ecommerce,urgent
TYPE=headline | INDUSTRY=education | TONE=professional | PRODUCT=kh?a h?c Excel cho marketer | AUDIENCE=nh?n s? marketing c?n l?m b?o c?o nhanh | FEATURES=dashboard m?u; b?i t?p th?c t?; mentor ph?n h?i | OFFER=h?c th? 2 b?i mi?n ph? | BRAND_RULES=vi?t r? r?ng; c? d?u; kh?ng b?a s? li?u; kh?ng ph?ng ??i; CTA m?m,Headline: Kh?a h?c excel cho marketer cho nh?n s? marketing c?n l?m b?o c?o nhanh | Subheadline: Thi?t k? th?c t?; d?ng h?ng ng?y tho?i m?i h?n nh? dashboard m?u; b?i t?p th?c t?; mentor ph?n h?i. | CTA: Xem l?a ch?n ph? h?p h?m nay.,education,professional
TYPE=description | INDUSTRY=education | TONE=luxury | PRODUCT=kh?a h?c Excel cho marketer | AUDIENCE=nh?n s? marketing c?n l?m b?o c?o nhanh | FEATURES=dashboard m?u; b?i t?p th?c t?; mentor ph?n h?i | OFFER=h?c th? 2 b?i mi?n ph? | BRAND_RULES=vi?t r? r?ng; c? d?u; kh?ng b?a s? li?u; kh?ng ph?ng ??i; CTA m?m,M? t? ng?n: Kh?a h?c excel cho marketer d?nh cho nh?n s? marketing c?n l?m b?o c?o nhanh; t?p trung v?o tr?i nghi?m d? d?ng v? ??ng tin c?y. | L?i ?ch ch?nh: | - Gi?i quy?t nhu c?u th??ng g?p b?ng dashboard m?u; b?i t?p th?c t?; mentor ph?n h?i. | - D? b?t ??u; d? duy tr? trong sinh ho?t h?ng ng?y. | ?i?m c?n bi?t: N?i dung kh?ng b?a th?m ch?ng nh?n hay con s? ngo?i brief. | CTA: Nh?n tin ?? ???c t? v?n l?a ch?n ph? h?p.,education,luxury
TYPE=social | INDUSTRY=education | TONE=urgent | PRODUCT=kh?a h?c Excel cho marketer | AUDIENCE=nh?n s? marketing c?n l?m b?o c?o nhanh | FEATURES=dashboard m?u; b?i t?p th?c t?; mentor ph?n h?i | OFFER=h?c th? 2 b?i mi?n ph? | BRAND_RULES=vi?t r? r?ng; c? d?u; kh?ng b?a s? li?u; kh?ng ph?ng ??i; CTA m?m,Hook: Nh?n s? marketing c?n l?m b?o c?o nhanh th??ng c?n m?t l?a ch?n ??n gi?n m? d?ng ???c l?u. | Caption: Kh?a h?c excel cho marketer gi?p vi?c h?ng ng?y nh? h?n nh? dashboard m?u; b?i t?p th?c t?; mentor ph?n h?i. T?ng kh?n tr??ng nh?ng kh?ng g?y ?p l?c qu? ??; r? l?i ?ch; kh?ng n?i qu? v? kh?ng t?o c?m gi?c ?p mua. | L? do n?n c?n nh?c: | - Ph? h?p v?i nhu c?u th?c t?. | - C? ?u ??i: h?c th? 2 b?i mi?n ph?. | CTA: L?u l?i ho?c nh?n shop ?? h?i th?m tr??c khi ch?n.,education,urgent
TYPE=email | INDUSTRY=education | TONE=emotional | PRODUCT=kh?a h?c Excel cho marketer | AUDIENCE=nh?n s? marketing c?n l?m b?o c?o nhanh | FEATURES=dashboard m?u; b?i t?p th?c t?; mentor ph?n h?i | OFFER=h?c th? 2 b?i mi?n ph? | BRAND_RULES=vi?t r? r?ng; c? d?u; kh?ng b?a s? li?u; kh?ng ph?ng ??i; CTA m?m,Subject: G?i ? kh?a h?c Excel cho marketer d?nh cho b?n | Preview text: M?t l?a ch?n th?c t? cho nh?n s? marketing c?n l?m b?o c?o nhanh. | L?i ch?o: Ch?o b?n; | N?i dung ch?nh: N?u b?n ?ang t?m kh?a h?c Excel cho marketer; ?i?m ??ng ch? ? l? dashboard m?u; b?i t?p th?c t?; mentor ph?n h?i. S?n ph?m ph? h?p v?i nh?n s? marketing c?n l?m b?o c?o nhanh mu?n ch?n nhanh nh?ng v?n c?n th?ng tin r? r?ng. | ?u ??i hi?n c?: h?c th? 2 b?i mi?n ph?. | CTA: Tr? l?i email n?y ?? ???c t? v?n l?a ch?n ph? h?p.,education,emotional
TYPE=cta | INDUSTRY=education | TONE=friendly | PRODUCT=kh?a h?c Excel cho marketer | AUDIENCE=nh?n s? marketing c?n l?m b?o c?o nhanh | FEATURES=dashboard m?u; b?i t?p th?c t?; mentor ph?n h?i | OFFER=h?c th? 2 b?i mi?n ph? | BRAND_RULES=vi?t r? r?ng; c? d?u; kh?ng b?a s? li?u; kh?ng ph?ng ??i; CTA m?m,CTA ch?nh: T?m l?a ch?n ph? h?p v?i b?n | Microcopy: Xem th?m th?ng tin v? kh?a h?c Excel cho marketer v? h?i tr??c khi quy?t ??nh. | Ng? c?nh d?ng: ??t d??i ph?n m? t? ho?c cu?i landing page ?? chuy?n t? quan t?m sang h?nh ??ng.,education,friendly
TYPE=landing | INDUSTRY=education | TONE=professional | PRODUCT=kh?a h?c Excel cho marketer | AUDIENCE=nh?n s? marketing c?n l?m b?o c?o nhanh | FEATURES=dashboard m?u; b?i t?p th?c t?; mentor ph?n h?i | OFFER=h?c th? 2 b?i mi?n ph? | BRAND_RULES=vi?t r? r?ng; c? d?u; kh?ng b?a s? li?u; kh?ng ph?ng ??i; CTA m?m,Hero headline: Kh?a h?c excel cho marketer cho nh?n s? marketing c?n l?m b?o c?o nhanh | Subheadline: M?t l?a ch?n chuy?n nghi?p; r? c?ng d?ng v? kh?ng th?i ph?ng. | L?i ?ch ch?nh: | - H? tr? nhu c?u nh? dashboard m?u; b?i t?p th?c t?; mentor ph?n h?i. | - Th?ng tin minh b?ch; d? so s?nh tr??c khi mua. | - C? ?u ??i: h?c th? 2 b?i mi?n ph?. | B?ng ch?ng ph? h?p: Ch? d?ng d? ki?n c? trong brief; kh?ng b?a s? review ho?c ch?ng nh?n. | CTA: Nh?n tin ?? ???c t? v?n tr??c khi ??t h?ng.,education,professional
TYPE=seo | INDUSTRY=education | TONE=luxury | PRODUCT=kh?a h?c Excel cho marketer | AUDIENCE=nh?n s? marketing c?n l?m b?o c?o nhanh | FEATURES=dashboard m?u; b?i t?p th?c t?; mentor ph?n h?i | OFFER=h?c th? 2 b?i mi?n ph? | BRAND_RULES=vi?t r? r?ng; c? d?u; kh?ng b?a s? li?u; kh?ng ph?ng ??i; CTA m?m,SEO title: Kh?a h?c excel cho marketer cho nh?n s? marketing c?n l?m b?o c?o nhanh | Meta description: T?m hi?u kh?a h?c Excel cho marketer v?i ?i?m m?nh dashboard m?u; b?i t?p th?c t?; mentor ph?n h?i. Th?ng tin r? r?ng; kh?ng ph?ng ??i; c? ?u ??i h?c th? 2 b?i mi?n ph?. | Slug: kh-a-h-c-excel-cho-marketer | Heading g?i ?: | - H2: V? sao nh?n s? marketing c?n l?m b?o c?o nhanh n?n c?n nh?c? | - H2: L?i ?ch ch?nh c?a s?n ph?m | - H3: C?ch ch?n tr??c khi mua,education,luxury
TYPE=review | INDUSTRY=education | TONE=urgent | PRODUCT=kh?a h?c Excel cho marketer | AUDIENCE=nh?n s? marketing c?n l?m b?o c?o nhanh | FEATURES=dashboard m?u; b?i t?p th?c t?; mentor ph?n h?i | OFFER=h?c th? 2 b?i mi?n ph? | BRAND_RULES=vi?t r? r?ng; c? d?u; kh?ng b?a s? li?u; kh?ng ph?ng ??i; CTA m?m,Quote: "T?i ch?n kh?a h?c Excel cho marketer v? th?ng tin r? r?ng v? ??ng nhu c?u. ?i?m t?i th?ch l? dashboard m?u; b?i t?p th?c t?; mentor ph?n h?i; kh?ng c?n nghe nh?ng l?i qu?ng c?o qu? ??." | Ng??i ??nh gi?: Kh?ch h?ng thu?c nh?m nh?n s? marketing c?n l?m b?o c?o nhanh. | B?i c?nh: C?n m?t l?a ch?n ??ng tin tr??c khi mua. | K?t qu?: Hi?u nhanh l?i ?ch v? d? quy?t ??nh h?n. | CTA m?m: N?u b?n c? nhu c?u t??ng t?; h?y h?i th?m th?ng tin tr??c khi ch?n.,education,urgent
TYPE=headline | INDUSTRY=saas | TONE=professional | PRODUCT=ph?n m?m qu?n l? ??n h?ng nh? | AUDIENCE=shop online x? l? 20-200 ??n m?i ng?y | FEATURES=??ng b? ??n; c?nh b?o t?n kho; b?o c?o l?i g?p | OFFER=d?ng th? 14 ng?y | BRAND_RULES=vi?t r? r?ng; c? d?u; kh?ng b?a s? li?u; kh?ng ph?ng ??i; CTA m?m,Headline: Ph?n m?m qu?n l? ??n h?ng nh? cho shop online x? l? 20-200 ??n m?i ng?y | Subheadline: Thi?t k? th?c t?; d?ng h?ng ng?y tho?i m?i h?n nh? ??ng b? ??n; c?nh b?o t?n kho; b?o c?o l?i g?p. | CTA: Xem l?a ch?n ph? h?p h?m nay.,saas,professional
TYPE=description | INDUSTRY=saas | TONE=luxury | PRODUCT=ph?n m?m qu?n l? ??n h?ng nh? | AUDIENCE=shop online x? l? 20-200 ??n m?i ng?y | FEATURES=??ng b? ??n; c?nh b?o t?n kho; b?o c?o l?i g?p | OFFER=d?ng th? 14 ng?y | BRAND_RULES=vi?t r? r?ng; c? d?u; kh?ng b?a s? li?u; kh?ng ph?ng ??i; CTA m?m,M? t? ng?n: Ph?n m?m qu?n l? ??n h?ng nh? d?nh cho shop online x? l? 20-200 ??n m?i ng?y; t?p trung v?o tr?i nghi?m d? d?ng v? ??ng tin c?y. | L?i ?ch ch?nh: | - Gi?i quy?t nhu c?u th??ng g?p b?ng ??ng b? ??n; c?nh b?o t?n kho; b?o c?o l?i g?p. | - D? b?t ??u; d? duy tr? trong sinh ho?t h?ng ng?y. | ?i?m c?n bi?t: N?i dung kh?ng b?a th?m ch?ng nh?n hay con s? ngo?i brief. | CTA: Nh?n tin ?? ???c t? v?n l?a ch?n ph? h?p.,saas,luxury
TYPE=social | INDUSTRY=saas | TONE=urgent | PRODUCT=ph?n m?m qu?n l? ??n h?ng nh? | AUDIENCE=shop online x? l? 20-200 ??n m?i ng?y | FEATURES=??ng b? ??n; c?nh b?o t?n kho; b?o c?o l?i g?p | OFFER=d?ng th? 14 ng?y | BRAND_RULES=vi?t r? r?ng; c? d?u; kh?ng b?a s? li?u; kh?ng ph?ng ??i; CTA m?m,Hook: Shop online x? l? 20-200 ??n m?i ng?y th??ng c?n m?t l?a ch?n ??n gi?n m? d?ng ???c l?u. | Caption: Ph?n m?m qu?n l? ??n h?ng nh? gi?p vi?c h?ng ng?y nh? h?n nh? ??ng b? ??n; c?nh b?o t?n kho; b?o c?o l?i g?p. T?ng kh?n tr??ng nh?ng kh?ng g?y ?p l?c qu? ??; r? l?i ?ch; kh?ng n?i qu? v? kh?ng t?o c?m gi?c ?p mua. | L? do n?n c?n nh?c: | - Ph? h?p v?i nhu c?u th?c t?. | - C? ?u ??i: d?ng th? 14 ng?y. | CTA: L?u l?i ho?c nh?n shop ?? h?i th?m tr??c khi ch?n.,saas,urgent
TYPE=email | INDUSTRY=saas | TONE=emotional | PRODUCT=ph?n m?m qu?n l? ??n h?ng nh? | AUDIENCE=shop online x? l? 20-200 ??n m?i ng?y | FEATURES=??ng b? ??n; c?nh b?o t?n kho; b?o c?o l?i g?p | OFFER=d?ng th? 14 ng?y | BRAND_RULES=vi?t r? r?ng; c? d?u; kh?ng b?a s? li?u; kh?ng ph?ng ??i; CTA m?m,Subject: G?i ? ph?n m?m qu?n l? ??n h?ng nh? d?nh cho b?n | Preview text: M?t l?a ch?n th?c t? cho shop online x? l? 20-200 ??n m?i ng?y. | L?i ch?o: Ch?o b?n; | N?i dung ch?nh: N?u b?n ?ang t?m ph?n m?m qu?n l? ??n h?ng nh?; ?i?m ??ng ch? ? l? ??ng b? ??n; c?nh b?o t?n kho; b?o c?o l?i g?p. S?n ph?m ph? h?p v?i shop online x? l? 20-200 ??n m?i ng?y mu?n ch?n nhanh nh?ng v?n c?n th?ng tin r? r?ng. | ?u ??i hi?n c?: d?ng th? 14 ng?y. | CTA: Tr? l?i email n?y ?? ???c t? v?n l?a ch?n ph? h?p.,saas,emotional
TYPE=cta | INDUSTRY=saas | TONE=friendly | PRODUCT=ph?n m?m qu?n l? ??n h?ng nh? | AUDIENCE=shop online x? l? 20-200 ??n m?i ng?y | FEATURES=??ng b? ??n; c?nh b?o t?n kho; b?o c?o l?i g?p | OFFER=d?ng th? 14 ng?y | BRAND_RULES=vi?t r? r?ng; c? d?u; kh?ng b?a s? li?u; kh?ng ph?ng ??i; CTA m?m,CTA ch?nh: T?m l?a ch?n ph? h?p v?i b?n | Microcopy: Xem th?m th?ng tin v? ph?n m?m qu?n l? ??n h?ng nh? v? h?i tr??c khi quy?t ??nh. | Ng? c?nh d?ng: ??t d??i ph?n m? t? ho?c cu?i landing page ?? chuy?n t? quan t?m sang h?nh ??ng.,saas,friendly
TYPE=landing | INDUSTRY=saas | TONE=professional | PRODUCT=ph?n m?m qu?n l? ??n h?ng nh? | AUDIENCE=shop online x? l? 20-200 ??n m?i ng?y | FEATURES=??ng b? ??n; c?nh b?o t?n kho; b?o c?o l?i g?p | OFFER=d?ng th? 14 ng?y | BRAND_RULES=vi?t r? r?ng; c? d?u; kh?ng b?a s? li?u; kh?ng ph?ng ??i; CTA m?m,Hero headline: Ph?n m?m qu?n l? ??n h?ng nh? cho shop online x? l? 20-200 ??n m?i ng?y | Subheadline: M?t l?a ch?n chuy?n nghi?p; r? c?ng d?ng v? kh?ng th?i ph?ng. | L?i ?ch ch?nh: | - H? tr? nhu c?u nh? ??ng b? ??n; c?nh b?o t?n kho; b?o c?o l?i g?p. | - Th?ng tin minh b?ch; d? so s?nh tr??c khi mua. | - C? ?u ??i: d?ng th? 14 ng?y. | B?ng ch?ng ph? h?p: Ch? d?ng d? ki?n c? trong brief; kh?ng b?a s? review ho?c ch?ng nh?n. | CTA: Nh?n tin ?? ???c t? v?n tr??c khi ??t h?ng.,saas,professional
TYPE=seo | INDUSTRY=saas | TONE=luxury | PRODUCT=ph?n m?m qu?n l? ??n h?ng nh? | AUDIENCE=shop online x? l? 20-200 ??n m?i ng?y | FEATURES=??ng b? ??n; c?nh b?o t?n kho; b?o c?o l?i g?p | OFFER=d?ng th? 14 ng?y | BRAND_RULES=vi?t r? r?ng; c? d?u; kh?ng b?a s? li?u; kh?ng ph?ng ??i; CTA m?m,SEO title: Ph?n m?m qu?n l? ??n h?ng nh? cho shop online x? l? 20-200 ??n m?i ng?y | Meta description: T?m hi?u ph?n m?m qu?n l? ??n h?ng nh? v?i ?i?m m?nh ??ng b? ??n; c?nh b?o t?n kho; b?o c?o l?i g?p. Th?ng tin r? r?ng; kh?ng ph?ng ??i; c? ?u ??i d?ng th? 14 ng?y. | Slug: ph-n-m-m-qu-n-l-n-h-ng-nh | Heading g?i ?: | - H2: V? sao shop online x? l? 20-200 ??n m?i ng?y n?n c?n nh?c? | - H2: L?i ?ch ch?nh c?a s?n ph?m | - H3: C?ch ch?n tr??c khi mua,saas,luxury
TYPE=review | INDUSTRY=saas | TONE=urgent | PRODUCT=ph?n m?m qu?n l? ??n h?ng nh? | AUDIENCE=shop online x? l? 20-200 ??n m?i ng?y | FEATURES=??ng b? ??n; c?nh b?o t?n kho; b?o c?o l?i g?p | OFFER=d?ng th? 14 ng?y | BRAND_RULES=vi?t r? r?ng; c? d?u; kh?ng b?a s? li?u; kh?ng ph?ng ??i; CTA m?m,Quote: "T?i ch?n ph?n m?m qu?n l? ??n h?ng nh? v? th?ng tin r? r?ng v? ??ng nhu c?u. ?i?m t?i th?ch l? ??ng b? ??n; c?nh b?o t?n kho; b?o c?o l?i g?p; kh?ng c?n nghe nh?ng l?i qu?ng c?o qu? ??." | Ng??i ??nh gi?: Kh?ch h?ng thu?c nh?m shop online x? l? 20-200 ??n m?i ng?y. | B?i c?nh: C?n m?t l?a ch?n ??ng tin tr??c khi mua. | K?t qu?: Hi?u nhanh l?i ?ch v? d? quy?t ??nh h?n. | CTA m?m: N?u b?n c? nhu c?u t??ng t?; h?y h?i th?m th?ng tin tr??c khi ch?n.,saas,urgent
TYPE=headline | INDUSTRY=fnb | TONE=professional | PRODUCT=combo c? ph? rang m?c | AUDIENCE=ng??i th?ch pha phin t?i nh? | FEATURES=h?t rang m?i; v? ??m v?a; kh?ng t?m h??ng | OFFER=t?ng phin nh?m cho ??n ??u ti?n | BRAND_RULES=vi?t r? r?ng; c? d?u; kh?ng b?a s? li?u; kh?ng ph?ng ??i; CTA m?m,Headline: Combo c? ph? rang m?c cho ng??i th?ch pha phin t?i nh? | Subheadline: Thi?t k? th?c t?; d?ng h?ng ng?y tho?i m?i h?n nh? h?t rang m?i; v? ??m v?a; kh?ng t?m h??ng. | CTA: Xem l?a ch?n ph? h?p h?m nay.,fnb,professional
TYPE=description | INDUSTRY=fnb | TONE=luxury | PRODUCT=combo c? ph? rang m?c | AUDIENCE=ng??i th?ch pha phin t?i nh? | FEATURES=h?t rang m?i; v? ??m v?a; kh?ng t?m h??ng | OFFER=t?ng phin nh?m cho ??n ??u ti?n | BRAND_RULES=vi?t r? r?ng; c? d?u; kh?ng b?a s? li?u; kh?ng ph?ng ??i; CTA m?m,M? t? ng?n: Combo c? ph? rang m?c d?nh cho ng??i th?ch pha phin t?i nh?; t?p trung v?o tr?i nghi?m d? d?ng v? ??ng tin c?y. | L?i ?ch ch?nh: | - Gi?i quy?t nhu c?u th??ng g?p b?ng h?t rang m?i; v? ??m v?a; kh?ng t?m h??ng. | - D? b?t ??u; d? duy tr? trong sinh ho?t h?ng ng?y. | ?i?m c?n bi?t: N?i dung kh?ng b?a th?m ch?ng nh?n hay con s? ngo?i brief. | CTA: Nh?n tin ?? ???c t? v?n l?a ch?n ph? h?p.,fnb,luxury
TYPE=social | INDUSTRY=fnb | TONE=urgent | PRODUCT=combo c? ph? rang m?c | AUDIENCE=ng??i th?ch pha phin t?i nh? | FEATURES=h?t rang m?i; v? ??m v?a; kh?ng t?m h??ng | OFFER=t?ng phin nh?m cho ??n ??u ti?n | BRAND_RULES=vi?t r? r?ng; c? d?u; kh?ng b?a s? li?u; kh?ng ph?ng ??i; CTA m?m,Hook: Ng??i th?ch pha phin t?i nh? th??ng c?n m?t l?a ch?n ??n gi?n m? d?ng ???c l?u. | Caption: Combo c? ph? rang m?c gi?p vi?c h?ng ng?y nh? h?n nh? h?t rang m?i; v? ??m v?a; kh?ng t?m h??ng. T?ng kh?n tr??ng nh?ng kh?ng g?y ?p l?c qu? ??; r? l?i ?ch; kh?ng n?i qu? v? kh?ng t?o c?m gi?c ?p mua. | L? do n?n c?n nh?c: | - Ph? h?p v?i nhu c?u th?c t?. | - C? ?u ??i: t?ng phin nh?m cho ??n ??u ti?n. | CTA: L?u l?i ho?c nh?n shop ?? h?i th?m tr??c khi ch?n.,fnb,urgent
TYPE=email | INDUSTRY=fnb | TONE=emotional | PRODUCT=combo c? ph? rang m?c | AUDIENCE=ng??i th?ch pha phin t?i nh? | FEATURES=h?t rang m?i; v? ??m v?a; kh?ng t?m h??ng | OFFER=t?ng phin nh?m cho ??n ??u ti?n | BRAND_RULES=vi?t r? r?ng; c? d?u; kh?ng b?a s? li?u; kh?ng ph?ng ??i; CTA m?m,Subject: G?i ? combo c? ph? rang m?c d?nh cho b?n | Preview text: M?t l?a ch?n th?c t? cho ng??i th?ch pha phin t?i nh?. | L?i ch?o: Ch?o b?n; | N?i dung ch?nh: N?u b?n ?ang t?m combo c? ph? rang m?c; ?i?m ??ng ch? ? l? h?t rang m?i; v? ??m v?a; kh?ng t?m h??ng. S?n ph?m ph? h?p v?i ng??i th?ch pha phin t?i nh? mu?n ch?n nhanh nh?ng v?n c?n th?ng tin r? r?ng. | ?u ??i hi?n c?: t?ng phin nh?m cho ??n ??u ti?n. | CTA: Tr? l?i email n?y ?? ???c t? v?n l?a ch?n ph? h?p.,fnb,emotional
TYPE=cta | INDUSTRY=fnb | TONE=friendly | PRODUCT=combo c? ph? rang m?c | AUDIENCE=ng??i th?ch pha phin t?i nh? | FEATURES=h?t rang m?i; v? ??m v?a; kh?ng t?m h??ng | OFFER=t?ng phin nh?m cho ??n ??u ti?n | BRAND_RULES=vi?t r? r?ng; c? d?u; kh?ng b?a s? li?u; kh?ng ph?ng ??i; CTA m?m,CTA ch?nh: T?m l?a ch?n ph? h?p v?i b?n | Microcopy: Xem th?m th?ng tin v? combo c? ph? rang m?c v? h?i tr??c khi quy?t ??nh. | Ng? c?nh d?ng: ??t d??i ph?n m? t? ho?c cu?i landing page ?? chuy?n t? quan t?m sang h?nh ??ng.,fnb,friendly
TYPE=landing | INDUSTRY=fnb | TONE=professional | PRODUCT=combo c? ph? rang m?c | AUDIENCE=ng??i th?ch pha phin t?i nh? | FEATURES=h?t rang m?i; v? ??m v?a; kh?ng t?m h??ng | OFFER=t?ng phin nh?m cho ??n ??u ti?n | BRAND_RULES=vi?t r? r?ng; c? d?u; kh?ng b?a s? li?u; kh?ng ph?ng ??i; CTA m?m,Hero headline: Combo c? ph? rang m?c cho ng??i th?ch pha phin t?i nh? | Subheadline: M?t l?a ch?n chuy?n nghi?p; r? c?ng d?ng v? kh?ng th?i ph?ng. | L?i ?ch ch?nh: | - H? tr? nhu c?u nh? h?t rang m?i; v? ??m v?a; kh?ng t?m h??ng. | - Th?ng tin minh b?ch; d? so s?nh tr??c khi mua. | - C? ?u ??i: t?ng phin nh?m cho ??n ??u ti?n. | B?ng ch?ng ph? h?p: Ch? d?ng d? ki?n c? trong brief; kh?ng b?a s? review ho?c ch?ng nh?n. | CTA: Nh?n tin ?? ???c t? v?n tr??c khi ??t h?ng.,fnb,professional
TYPE=seo | INDUSTRY=fnb | TONE=luxury | PRODUCT=combo c? ph? rang m?c | AUDIENCE=ng??i th?ch pha phin t?i nh? | FEATURES=h?t rang m?i; v? ??m v?a; kh?ng t?m h??ng | OFFER=t?ng phin nh?m cho ??n ??u ti?n | BRAND_RULES=vi?t r? r?ng; c? d?u; kh?ng b?a s? li?u; kh?ng ph?ng ??i; CTA m?m,SEO title: Combo c? ph? rang m?c cho ng??i th?ch pha phin t?i nh? | Meta description: T?m hi?u combo c? ph? rang m?c v?i ?i?m m?nh h?t rang m?i; v? ??m v?a; kh?ng t?m h??ng. Th?ng tin r? r?ng; kh?ng ph?ng ??i; c? ?u ??i t?ng phin nh?m cho ??n ??u ti?n. | Slug: combo-c-ph-rang-m-c | Heading g?i ?: | - H2: V? sao ng??i th?ch pha phin t?i nh? n?n c?n nh?c? | - H2: L?i ?ch ch?nh c?a s?n ph?m | - H3: C?ch ch?n tr??c khi mua,fnb,luxury
TYPE=review | INDUSTRY=fnb | TONE=urgent | PRODUCT=combo c? ph? rang m?c | AUDIENCE=ng??i th?ch pha phin t?i nh? | FEATURES=h?t rang m?i; v? ??m v?a; kh?ng t?m h??ng | OFFER=t?ng phin nh?m cho ??n ??u ti?n | BRAND_RULES=vi?t r? r?ng; c? d?u; kh?ng b?a s? li?u; kh?ng ph?ng ??i; CTA m?m,Quote: "T?i ch?n combo c? ph? rang m?c v? th?ng tin r? r?ng v? ??ng nhu c?u. ?i?m t?i th?ch l? h?t rang m?i; v? ??m v?a; kh?ng t?m h??ng; kh?ng c?n nghe nh?ng l?i qu?ng c?o qu? ??." | Ng??i ??nh gi?: Kh?ch h?ng thu?c nh?m ng??i th?ch pha phin t?i nh?. | B?i c?nh: C?n m?t l?a ch?n ??ng tin tr??c khi mua. | K?t qu?: Hi?u nhanh l?i ?ch v? d? quy?t ??nh h?n. | CTA m?m: N?u b?n c? nhu c?u t??ng t?; h?y h?i th?m th?ng tin tr??c khi ch?n.,fnb,urgent
TYPE=headline | INDUSTRY=home | TONE=professional | PRODUCT=??n b?n ch?ng ch?i | AUDIENCE=h?c sinh v? ng??i l?m vi?c bu?i t?i | FEATURES=3 ch? ?? s?ng; c? ??n linh ho?t; ?nh s?ng d?u | OFFER=b?o h?nh 12 th?ng | BRAND_RULES=vi?t r? r?ng; c? d?u; kh?ng b?a s? li?u; kh?ng ph?ng ??i; CTA m?m,Headline: ??n b?n ch?ng ch?i cho h?c sinh v? ng??i l?m vi?c bu?i t?i | Subheadline: Thi?t k? th?c t?; d?ng h?ng ng?y tho?i m?i h?n nh? 3 ch? ?? s?ng; c? ??n linh ho?t; ?nh s?ng d?u. | CTA: Xem l?a ch?n ph? h?p h?m nay.,home,professional
TYPE=description | INDUSTRY=home | TONE=luxury | PRODUCT=??n b?n ch?ng ch?i | AUDIENCE=h?c sinh v? ng??i l?m vi?c bu?i t?i | FEATURES=3 ch? ?? s?ng; c? ??n linh ho?t; ?nh s?ng d?u | OFFER=b?o h?nh 12 th?ng | BRAND_RULES=vi?t r? r?ng; c? d?u; kh?ng b?a s? li?u; kh?ng ph?ng ??i; CTA m?m,M? t? ng?n: ??n b?n ch?ng ch?i d?nh cho h?c sinh v? ng??i l?m vi?c bu?i t?i; t?p trung v?o tr?i nghi?m d? d?ng v? ??ng tin c?y. | L?i ?ch ch?nh: | - Gi?i quy?t nhu c?u th??ng g?p b?ng 3 ch? ?? s?ng; c? ??n linh ho?t; ?nh s?ng d?u. | - D? b?t ??u; d? duy tr? trong sinh ho?t h?ng ng?y. | ?i?m c?n bi?t: N?i dung kh?ng b?a th?m ch?ng nh?n hay con s? ngo?i brief. | CTA: Nh?n tin ?? ???c t? v?n l?a ch?n ph? h?p.,home,luxury
TYPE=social | INDUSTRY=home | TONE=urgent | PRODUCT=??n b?n ch?ng ch?i | AUDIENCE=h?c sinh v? ng??i l?m vi?c bu?i t?i | FEATURES=3 ch? ?? s?ng; c? ??n linh ho?t; ?nh s?ng d?u | OFFER=b?o h?nh 12 th?ng | BRAND_RULES=vi?t r? r?ng; c? d?u; kh?ng b?a s? li?u; kh?ng ph?ng ??i; CTA m?m,Hook: H?c sinh v? ng??i l?m vi?c bu?i t?i th??ng c?n m?t l?a ch?n ??n gi?n m? d?ng ???c l?u. | Caption: ??n b?n ch?ng ch?i gi?p vi?c h?ng ng?y nh? h?n nh? 3 ch? ?? s?ng; c? ??n linh ho?t; ?nh s?ng d?u. T?ng kh?n tr??ng nh?ng kh?ng g?y ?p l?c qu? ??; r? l?i ?ch; kh?ng n?i qu? v? kh?ng t?o c?m gi?c ?p mua. | L? do n?n c?n nh?c: | - Ph? h?p v?i nhu c?u th?c t?. | - C? ?u ??i: b?o h?nh 12 th?ng. | CTA: L?u l?i ho?c nh?n shop ?? h?i th?m tr??c khi ch?n.,home,urgent
TYPE=email | INDUSTRY=home | TONE=emotional | PRODUCT=??n b?n ch?ng ch?i | AUDIENCE=h?c sinh v? ng??i l?m vi?c bu?i t?i | FEATURES=3 ch? ?? s?ng; c? ??n linh ho?t; ?nh s?ng d?u | OFFER=b?o h?nh 12 th?ng | BRAND_RULES=vi?t r? r?ng; c? d?u; kh?ng b?a s? li?u; kh?ng ph?ng ??i; CTA m?m,Subject: G?i ? ??n b?n ch?ng ch?i d?nh cho b?n | Preview text: M?t l?a ch?n th?c t? cho h?c sinh v? ng??i l?m vi?c bu?i t?i. | L?i ch?o: Ch?o b?n; | N?i dung ch?nh: N?u b?n ?ang t?m ??n b?n ch?ng ch?i; ?i?m ??ng ch? ? l? 3 ch? ?? s?ng; c? ??n linh ho?t; ?nh s?ng d?u. S?n ph?m ph? h?p v?i h?c sinh v? ng??i l?m vi?c bu?i t?i mu?n ch?n nhanh nh?ng v?n c?n th?ng tin r? r?ng. | ?u ??i hi?n c?: b?o h?nh 12 th?ng. | CTA: Tr? l?i email n?y ?? ???c t? v?n l?a ch?n ph? h?p.,home,emotional
TYPE=cta | INDUSTRY=home | TONE=friendly | PRODUCT=??n b?n ch?ng ch?i | AUDIENCE=h?c sinh v? ng??i l?m vi?c bu?i t?i | FEATURES=3 ch? ?? s?ng; c? ??n linh ho?t; ?nh s?ng d?u | OFFER=b?o h?nh 12 th?ng | BRAND_RULES=vi?t r? r?ng; c? d?u; kh?ng b?a s? li?u; kh?ng ph?ng ??i; CTA m?m,CTA ch?nh: T?m l?a ch?n ph? h?p v?i b?n | Microcopy: Xem th?m th?ng tin v? ??n b?n ch?ng ch?i v? h?i tr??c khi quy?t ??nh. | Ng? c?nh d?ng: ??t d??i ph?n m? t? ho?c cu?i landing page ?? chuy?n t? quan t?m sang h?nh ??ng.,home,friendly
TYPE=landing | INDUSTRY=home | TONE=professional | PRODUCT=??n b?n ch?ng ch?i | AUDIENCE=h?c sinh v? ng??i l?m vi?c bu?i t?i | FEATURES=3 ch? ?? s?ng; c? ??n linh ho?t; ?nh s?ng d?u | OFFER=b?o h?nh 12 th?ng | BRAND_RULES=vi?t r? r?ng; c? d?u; kh?ng b?a s? li?u; kh?ng ph?ng ??i; CTA m?m,Hero headline: ??n b?n ch?ng ch?i cho h?c sinh v? ng??i l?m vi?c bu?i t?i | Subheadline: M?t l?a ch?n chuy?n nghi?p; r? c?ng d?ng v? kh?ng th?i ph?ng. | L?i ?ch ch?nh: | - H? tr? nhu c?u nh? 3 ch? ?? s?ng; c? ??n linh ho?t; ?nh s?ng d?u. | - Th?ng tin minh b?ch; d? so s?nh tr??c khi mua. | - C? ?u ??i: b?o h?nh 12 th?ng. | B?ng ch?ng ph? h?p: Ch? d?ng d? ki?n c? trong brief; kh?ng b?a s? review ho?c ch?ng nh?n. | CTA: Nh?n tin ?? ???c t? v?n tr??c khi ??t h?ng.,home,professional
TYPE=seo | INDUSTRY=home | TONE=luxury | PRODUCT=??n b?n ch?ng ch?i | AUDIENCE=h?c sinh v? ng??i l?m vi?c bu?i t?i | FEATURES=3 ch? ?? s?ng; c? ??n linh ho?t; ?nh s?ng d?u | OFFER=b?o h?nh 12 th?ng | BRAND_RULES=vi?t r? r?ng; c? d?u; kh?ng b?a s? li?u; kh?ng ph?ng ??i; CTA m?m,SEO title: ??n b?n ch?ng ch?i cho h?c sinh v? ng??i l?m vi?c bu?i t?i | Meta description: T?m hi?u ??n b?n ch?ng ch?i v?i ?i?m m?nh 3 ch? ?? s?ng; c? ??n linh ho?t; ?nh s?ng d?u. Th?ng tin r? r?ng; kh?ng ph?ng ??i; c? ?u ??i b?o h?nh 12 th?ng. | Slug: n-b-n-ch-ng-ch-i | Heading g?i ?: | - H2: V? sao h?c sinh v? ng??i l?m vi?c bu?i t?i n?n c?n nh?c? | - H2: L?i ?ch ch?nh c?a s?n ph?m | - H3: C?ch ch?n tr??c khi mua,home,luxury
TYPE=review | INDUSTRY=home | TONE=urgent | PRODUCT=??n b?n ch?ng ch?i | AUDIENCE=h?c sinh v? ng??i l?m vi?c bu?i t?i | FEATURES=3 ch? ?? s?ng; c? ??n linh ho?t; ?nh s?ng d?u | OFFER=b?o h?nh 12 th?ng | BRAND_RULES=vi?t r? r?ng; c? d?u; kh?ng b?a s? li?u; kh?ng ph?ng ??i; CTA m?m,Quote: "T?i ch?n ??n b?n ch?ng ch?i v? th?ng tin r? r?ng v? ??ng nhu c?u. ?i?m t?i th?ch l? 3 ch? ?? s?ng; c? ??n linh ho?t; ?nh s?ng d?u; kh?ng c?n nghe nh?ng l?i qu?ng c?o qu? ??." | Ng??i ??nh gi?: Kh?ch h?ng thu?c nh?m h?c sinh v? ng??i l?m vi?c bu?i t?i. | B?i c?nh: C?n m?t l?a ch?n ??ng tin tr??c khi mua. | K?t qu?: Hi?u nhanh l?i ?ch v? d? quy?t ??nh h?n. | CTA m?m: N?u b?n c? nhu c?u t??ng t?; h?y h?i th?m th?ng tin tr??c khi ch?n.,home,urgent
TYPE=headline | INDUSTRY=fashion | TONE=luxury | PRODUCT=t?i tote canvas ch?ng n??c | AUDIENCE=sinh vi?n v? nh?n vi?n v?n ph?ng | FEATURES=ng?n laptop; v?i d?y; kh?a k?o k?n | OFFER=kh?c t?n mi?n ph? | BRAND_RULES=vi?t r? r?ng; c? d?u; kh?ng b?a s? li?u; kh?ng ph?ng ??i; CTA m?m,Headline: T?i tote canvas ch?ng n??c cho sinh vi?n v? nh?n vi?n v?n ph?ng | Subheadline: Thi?t k? th?c t?; d?ng h?ng ng?y tho?i m?i h?n nh? ng?n laptop; v?i d?y; kh?a k?o k?n. | CTA: Xem l?a ch?n ph? h?p h?m nay.,fashion,luxury
TYPE=description | INDUSTRY=fashion | TONE=urgent | PRODUCT=t?i tote canvas ch?ng n??c | AUDIENCE=sinh vi?n v? nh?n vi?n v?n ph?ng | FEATURES=ng?n laptop; v?i d?y; kh?a k?o k?n | OFFER=kh?c t?n mi?n ph? | BRAND_RULES=vi?t r? r?ng; c? d?u; kh?ng b?a s? li?u; kh?ng ph?ng ??i; CTA m?m,M? t? ng?n: T?i tote canvas ch?ng n??c d?nh cho sinh vi?n v? nh?n vi?n v?n ph?ng; t?p trung v?o tr?i nghi?m d? d?ng v? ??ng tin c?y. | L?i ?ch ch?nh: | - Gi?i quy?t nhu c?u th??ng g?p b?ng ng?n laptop; v?i d?y; kh?a k?o k?n. | - D? b?t ??u; d? duy tr? trong sinh ho?t h?ng ng?y. | ?i?m c?n bi?t: N?i dung kh?ng b?a th?m ch?ng nh?n hay con s? ngo?i brief. | CTA: Nh?n tin ?? ???c t? v?n l?a ch?n ph? h?p.,fashion,urgent
TYPE=social | INDUSTRY=fashion | TONE=emotional | PRODUCT=t?i tote canvas ch?ng n??c | AUDIENCE=sinh vi?n v? nh?n vi?n v?n ph?ng | FEATURES=ng?n laptop; v?i d?y; kh?a k?o k?n | OFFER=kh?c t?n mi?n ph? | BRAND_RULES=vi?t r? r?ng; c? d?u; kh?ng b?a s? li?u; kh?ng ph?ng ??i; CTA m?m,Hook: Sinh vi?n v? nh?n vi?n v?n ph?ng th??ng c?n m?t l?a ch?n ??n gi?n m? d?ng ???c l?u. | Caption: T?i tote canvas ch?ng n??c gi?p vi?c h?ng ng?y nh? h?n nh? ng?n laptop; v?i d?y; kh?a k?o k?n. T?ng c?m x?c; g?n g?i; r? l?i ?ch; kh?ng n?i qu? v? kh?ng t?o c?m gi?c ?p mua. | L? do n?n c?n nh?c: | - Ph? h?p v?i nhu c?u th?c t?. | - C? ?u ??i: kh?c t?n mi?n ph?. | CTA: L?u l?i ho?c nh?n shop ?? h?i th?m tr??c khi ch?n.,fashion,emotional
TYPE=email | INDUSTRY=fashion | TONE=friendly | PRODUCT=t?i tote canvas ch?ng n??c | AUDIENCE=sinh vi?n v? nh?n vi?n v?n ph?ng | FEATURES=ng?n laptop; v?i d?y; kh?a k?o k?n | OFFER=kh?c t?n mi?n ph? | BRAND_RULES=vi?t r? r?ng; c? d?u; kh?ng b?a s? li?u; kh?ng ph?ng ??i; CTA m?m,Subject: G?i ? t?i tote canvas ch?ng n??c d?nh cho b?n | Preview text: M?t l?a ch?n th?c t? cho sinh vi?n v? nh?n vi?n v?n ph?ng. | L?i ch?o: Ch?o b?n; | N?i dung ch?nh: N?u b?n ?ang t?m t?i tote canvas ch?ng n??c; ?i?m ??ng ch? ? l? ng?n laptop; v?i d?y; kh?a k?o k?n. S?n ph?m ph? h?p v?i sinh vi?n v? nh?n vi?n v?n ph?ng mu?n ch?n nhanh nh?ng v?n c?n th?ng tin r? r?ng. | ?u ??i hi?n c?: kh?c t?n mi?n ph?. | CTA: Tr? l?i email n?y ?? ???c t? v?n l?a ch?n ph? h?p.,fashion,friendly
TYPE=cta | INDUSTRY=fashion | TONE=professional | PRODUCT=t?i tote canvas ch?ng n??c | AUDIENCE=sinh vi?n v? nh?n vi?n v?n ph?ng | FEATURES=ng?n laptop; v?i d?y; kh?a k?o k?n | OFFER=kh?c t?n mi?n ph? | BRAND_RULES=vi?t r? r?ng; c? d?u; kh?ng b?a s? li?u; kh?ng ph?ng ??i; CTA m?m,CTA ch?nh: T?m l?a ch?n ph? h?p v?i b?n | Microcopy: Xem th?m th?ng tin v? t?i tote canvas ch?ng n??c v? h?i tr??c khi quy?t ??nh. | Ng? c?nh d?ng: ??t d??i ph?n m? t? ho?c cu?i landing page ?? chuy?n t? quan t?m sang h?nh ??ng.,fashion,professional
TYPE=landing | INDUSTRY=fashion | TONE=luxury | PRODUCT=t?i tote canvas ch?ng n??c | AUDIENCE=sinh vi?n v? nh?n vi?n v?n ph?ng | FEATURES=ng?n laptop; v?i d?y; kh?a k?o k?n | OFFER=kh?c t?n mi?n ph? | BRAND_RULES=vi?t r? r?ng; c? d?u; kh?ng b?a s? li?u; kh?ng ph?ng ??i; CTA m?m,Hero headline: T?i tote canvas ch?ng n??c cho sinh vi?n v? nh?n vi?n v?n ph?ng | Subheadline: M?t l?a ch?n cao c?p; tinh t?; r? c?ng d?ng v? kh?ng th?i ph?ng. | L?i ?ch ch?nh: | - H? tr? nhu c?u nh? ng?n laptop; v?i d?y; kh?a k?o k?n. | - Th?ng tin minh b?ch; d? so s?nh tr??c khi mua. | - C? ?u ??i: kh?c t?n mi?n ph?. | B?ng ch?ng ph? h?p: Ch? d?ng d? ki?n c? trong brief; kh?ng b?a s? review ho?c ch?ng nh?n. | CTA: Nh?n tin ?? ???c t? v?n tr??c khi ??t h?ng.,fashion,luxury
TYPE=seo | INDUSTRY=fashion | TONE=urgent | PRODUCT=t?i tote canvas ch?ng n??c | AUDIENCE=sinh vi?n v? nh?n vi?n v?n ph?ng | FEATURES=ng?n laptop; v?i d?y; kh?a k?o k?n | OFFER=kh?c t?n mi?n ph? | BRAND_RULES=vi?t r? r?ng; c? d?u; kh?ng b?a s? li?u; kh?ng ph?ng ??i; CTA m?m,SEO title: T?i tote canvas ch?ng n??c cho sinh vi?n v? nh?n vi?n v?n ph?ng | Meta description: T?m hi?u t?i tote canvas ch?ng n??c v?i ?i?m m?nh ng?n laptop; v?i d?y; kh?a k?o k?n. Th?ng tin r? r?ng; kh?ng ph?ng ??i; c? ?u ??i kh?c t?n mi?n ph?. | Slug: t-i-tote-canvas-ch-ng-n-c | Heading g?i ?: | - H2: V? sao sinh vi?n v? nh?n vi?n v?n ph?ng n?n c?n nh?c? | - H2: L?i ?ch ch?nh c?a s?n ph?m | - H3: C?ch ch?n tr??c khi mua,fashion,urgent
TYPE=review | INDUSTRY=fashion | TONE=emotional | PRODUCT=t?i tote canvas ch?ng n??c | AUDIENCE=sinh vi?n v? nh?n vi?n v?n ph?ng | FEATURES=ng?n laptop; v?i d?y; kh?a k?o k?n | OFFER=kh?c t?n mi?n ph? | BRAND_RULES=vi?t r? r?ng; c? d?u; kh?ng b?a s? li?u; kh?ng ph?ng ??i; CTA m?m,Quote: "T?i ch?n t?i tote canvas ch?ng n??c v? th?ng tin r? r?ng v? ??ng nhu c?u. ?i?m t?i th?ch l? ng?n laptop; v?i d?y; kh?a k?o k?n; kh?ng c?n nghe nh?ng l?i qu?ng c?o qu? ??." | Ng??i ??nh gi?: Kh?ch h?ng thu?c nh?m sinh vi?n v? nh?n vi?n v?n ph?ng. | B?i c?nh: C?n m?t l?a ch?n ??ng tin tr??c khi mua. | K?t qu?: Hi?u nhanh l?i ?ch v? d? quy?t ??nh h?n. | CTA m?m: N?u b?n c? nhu c?u t??ng t?; h?y h?i th?m th?ng tin tr??c khi ch?n.,fashion,emotional
TYPE=headline | INDUSTRY=healthcare | TONE=professional | PRODUCT=g?i kh?m s?c kh?e t?ng qu?t | AUDIENCE=ng??i ?i l?m mu?n ki?m tra ??nh k? | FEATURES=??t l?ch nhanh; b?c s? t? v?n k?t qu?; quy tr?nh ri?ng t? | OFFER=gi?m ph? cho nh?m gia ??nh | BRAND_RULES=vi?t r? r?ng; c? d?u; kh?ng b?a s? li?u; kh?ng ph?ng ??i; CTA m?m,Headline: G?i kh?m s?c kh?e t?ng qu?t cho ng??i ?i l?m mu?n ki?m tra ??nh k? | Subheadline: Thi?t k? th?c t?; d?ng h?ng ng?y tho?i m?i h?n nh? ??t l?ch nhanh; b?c s? t? v?n k?t qu?; quy tr?nh ri?ng t?. | CTA: Xem l?a ch?n ph? h?p h?m nay.,healthcare,professional
TYPE=description | INDUSTRY=healthcare | TONE=luxury | PRODUCT=g?i kh?m s?c kh?e t?ng qu?t | AUDIENCE=ng??i ?i l?m mu?n ki?m tra ??nh k? | FEATURES=??t l?ch nhanh; b?c s? t? v?n k?t qu?; quy tr?nh ri?ng t? | OFFER=gi?m ph? cho nh?m gia ??nh | BRAND_RULES=vi?t r? r?ng; c? d?u; kh?ng b?a s? li?u; kh?ng ph?ng ??i; CTA m?m,M? t? ng?n: G?i kh?m s?c kh?e t?ng qu?t d?nh cho ng??i ?i l?m mu?n ki?m tra ??nh k?; t?p trung v?o tr?i nghi?m d? d?ng v? ??ng tin c?y. | L?i ?ch ch?nh: | - Gi?i quy?t nhu c?u th??ng g?p b?ng ??t l?ch nhanh; b?c s? t? v?n k?t qu?; quy tr?nh ri?ng t?. | - D? b?t ??u; d? duy tr? trong sinh ho?t h?ng ng?y. | ?i?m c?n bi?t: N?i dung kh?ng b?a th?m ch?ng nh?n hay con s? ngo?i brief. | CTA: Nh?n tin ?? ???c t? v?n l?a ch?n ph? h?p.,healthcare,luxury
TYPE=social | INDUSTRY=healthcare | TONE=urgent | PRODUCT=g?i kh?m s?c kh?e t?ng qu?t | AUDIENCE=ng??i ?i l?m mu?n ki?m tra ??nh k? | FEATURES=??t l?ch nhanh; b?c s? t? v?n k?t qu?; quy tr?nh ri?ng t? | OFFER=gi?m ph? cho nh?m gia ??nh | BRAND_RULES=vi?t r? r?ng; c? d?u; kh?ng b?a s? li?u; kh?ng ph?ng ??i; CTA m?m,Hook: Ng??i ?i l?m mu?n ki?m tra ??nh k? th??ng c?n m?t l?a ch?n ??n gi?n m? d?ng ???c l?u. | Caption: G?i kh?m s?c kh?e t?ng qu?t gi?p vi?c h?ng ng?y nh? h?n nh? ??t l?ch nhanh; b?c s? t? v?n k?t qu?; quy tr?nh ri?ng t?. T?ng kh?n tr??ng nh?ng kh?ng g?y ?p l?c qu? ??; r? l?i ?ch; kh?ng n?i qu? v? kh?ng t?o c?m gi?c ?p mua. | L? do n?n c?n nh?c: | - Ph? h?p v?i nhu c?u th?c t?. | - C? ?u ??i: gi?m ph? cho nh?m gia ??nh. | CTA: L?u l?i ho?c nh?n shop ?? h?i th?m tr??c khi ch?n.,healthcare,urgent
TYPE=email | INDUSTRY=healthcare | TONE=emotional | PRODUCT=g?i kh?m s?c kh?e t?ng qu?t | AUDIENCE=ng??i ?i l?m mu?n ki?m tra ??nh k? | FEATURES=??t l?ch nhanh; b?c s? t? v?n k?t qu?; quy tr?nh ri?ng t? | OFFER=gi?m ph? cho nh?m gia ??nh | BRAND_RULES=vi?t r? r?ng; c? d?u; kh?ng b?a s? li?u; kh?ng ph?ng ??i; CTA m?m,Subject: G?i ? g?i kh?m s?c kh?e t?ng qu?t d?nh cho b?n | Preview text: M?t l?a ch?n th?c t? cho ng??i ?i l?m mu?n ki?m tra ??nh k?. | L?i ch?o: Ch?o b?n; | N?i dung ch?nh: N?u b?n ?ang t?m g?i kh?m s?c kh?e t?ng qu?t; ?i?m ??ng ch? ? l? ??t l?ch nhanh; b?c s? t? v?n k?t qu?; quy tr?nh ri?ng t?. S?n ph?m ph? h?p v?i ng??i ?i l?m mu?n ki?m tra ??nh k? mu?n ch?n nhanh nh?ng v?n c?n th?ng tin r? r?ng. | ?u ??i hi?n c?: gi?m ph? cho nh?m gia ??nh. | CTA: Tr? l?i email n?y ?? ???c t? v?n l?a ch?n ph? h?p.,healthcare,emotional
TYPE=cta | INDUSTRY=healthcare | TONE=friendly | PRODUCT=g?i kh?m s?c kh?e t?ng qu?t | AUDIENCE=ng??i ?i l?m mu?n ki?m tra ??nh k? | FEATURES=??t l?ch nhanh; b?c s? t? v?n k?t qu?; quy tr?nh ri?ng t? | OFFER=gi?m ph? cho nh?m gia ??nh | BRAND_RULES=vi?t r? r?ng; c? d?u; kh?ng b?a s? li?u; kh?ng ph?ng ??i; CTA m?m,CTA ch?nh: T?m l?a ch?n ph? h?p v?i b?n | Microcopy: Xem th?m th?ng tin v? g?i kh?m s?c kh?e t?ng qu?t v? h?i tr??c khi quy?t ??nh. | Ng? c?nh d?ng: ??t d??i ph?n m? t? ho?c cu?i landing page ?? chuy?n t? quan t?m sang h?nh ??ng.,healthcare,friendly
TYPE=landing | INDUSTRY=healthcare | TONE=professional | PRODUCT=g?i kh?m s?c kh?e t?ng qu?t | AUDIENCE=ng??i ?i l?m mu?n ki?m tra ??nh k? | FEATURES=??t l?ch nhanh; b?c s? t? v?n k?t qu?; quy tr?nh ri?ng t? | OFFER=gi?m ph? cho nh?m gia ??nh | BRAND_RULES=vi?t r? r?ng; c? d?u; kh?ng b?a s? li?u; kh?ng ph?ng ??i; CTA m?m,Hero headline: G?i kh?m s?c kh?e t?ng qu?t cho ng??i ?i l?m mu?n ki?m tra ??nh k? | Subheadline: M?t l?a ch?n chuy?n nghi?p; r? c?ng d?ng v? kh?ng th?i ph?ng. | L?i ?ch ch?nh: | - H? tr? nhu c?u nh? ??t l?ch nhanh; b?c s? t? v?n k?t qu?; quy tr?nh ri?ng t?. | - Th?ng tin minh b?ch; d? so s?nh tr??c khi mua. | - C? ?u ??i: gi?m ph? cho nh?m gia ??nh. | B?ng ch?ng ph? h?p: Ch? d?ng d? ki?n c? trong brief; kh?ng b?a s? review ho?c ch?ng nh?n. | CTA: Nh?n tin ?? ???c t? v?n tr??c khi ??t h?ng.,healthcare,professional
TYPE=seo | INDUSTRY=healthcare | TONE=luxury | PRODUCT=g?i kh?m s?c kh?e t?ng qu?t | AUDIENCE=ng??i ?i l?m mu?n ki?m tra ??nh k? | FEATURES=??t l?ch nhanh; b?c s? t? v?n k?t qu?; quy tr?nh ri?ng t? | OFFER=gi?m ph? cho nh?m gia ??nh | BRAND_RULES=vi?t r? r?ng; c? d?u; kh?ng b?a s? li?u; kh?ng ph?ng ??i; CTA m?m,SEO title: G?i kh?m s?c kh?e t?ng qu?t cho ng??i ?i l?m mu?n ki?m tra ??nh k? | Meta description: T?m hi?u g?i kh?m s?c kh?e t?ng qu?t v?i ?i?m m?nh ??t l?ch nhanh; b?c s? t? v?n k?t qu?; quy tr?nh ri?ng t?. Th?ng tin r? r?ng; kh?ng ph?ng ??i; c? ?u ??i gi?m ph? cho nh?m gia ??nh. | Slug: g-i-kh-m-s-c-kh-e-t-ng-qu-t | Heading g?i ?: | - H2: V? sao ng??i ?i l?m mu?n ki?m tra ??nh k? n?n c?n nh?c? | - H2: L?i ?ch ch?nh c?a s?n ph?m | - H3: C?ch ch?n tr??c khi mua,healthcare,luxury
TYPE=review | INDUSTRY=healthcare | TONE=urgent | PRODUCT=g?i kh?m s?c kh?e t?ng qu?t | AUDIENCE=ng??i ?i l?m mu?n ki?m tra ??nh k? | FEATURES=??t l?ch nhanh; b?c s? t? v?n k?t qu?; quy tr?nh ri?ng t? | OFFER=gi?m ph? cho nh?m gia ??nh | BRAND_RULES=vi?t r? r?ng; c? d?u; kh?ng b?a s? li?u; kh?ng ph?ng ??i; CTA m?m,Quote: "T?i ch?n g?i kh?m s?c kh?e t?ng qu?t v? th?ng tin r? r?ng v? ??ng nhu c?u. ?i?m t?i th?ch l? ??t l?ch nhanh; b?c s? t? v?n k?t qu?; quy tr?nh ri?ng t?; kh?ng c?n nghe nh?ng l?i qu?ng c?o qu? ??." | Ng??i ??nh gi?: Kh?ch h?ng thu?c nh?m ng??i ?i l?m mu?n ki?m tra ??nh k?. | B?i c?nh: C?n m?t l?a ch?n ??ng tin tr??c khi mua. | K?t qu?: Hi?u nhanh l?i ?ch v? d? quy?t ??nh h?n. | CTA m?m: N?u b?n c? nhu c?u t??ng t?; h?y h?i th?m th?ng tin tr??c khi ch?n.,healthcare,urgent
TYPE=headline | INDUSTRY=travel | TONE=urgent | PRODUCT=tour ?? L?t cu?i tu?n | AUDIENCE=nh?m b?n mu?n ngh? ng?n ng?y | FEATURES=l?ch tr?nh nh?; homestay trung t?m; xe ??a ??n | OFFER=t?ng bu?i workshop pha c? ph? | BRAND_RULES=vi?t r? r?ng; c? d?u; kh?ng b?a s? li?u; kh?ng ph?ng ??i; CTA m?m,Headline: Tour ?? l?t cu?i tu?n cho nh?m b?n mu?n ngh? ng?n ng?y | Subheadline: Thi?t k? th?c t?; d?ng h?ng ng?y tho?i m?i h?n nh? l?ch tr?nh nh?; homestay trung t?m; xe ??a ??n. | CTA: Xem l?a ch?n ph? h?p h?m nay.,travel,urgent
TYPE=description | INDUSTRY=travel | TONE=emotional | PRODUCT=tour ?? L?t cu?i tu?n | AUDIENCE=nh?m b?n mu?n ngh? ng?n ng?y | FEATURES=l?ch tr?nh nh?; homestay trung t?m; xe ??a ??n | OFFER=t?ng bu?i workshop pha c? ph? | BRAND_RULES=vi?t r? r?ng; c? d?u; kh?ng b?a s? li?u; kh?ng ph?ng ??i; CTA m?m,M? t? ng?n: Tour ?? l?t cu?i tu?n d?nh cho nh?m b?n mu?n ngh? ng?n ng?y; t?p trung v?o tr?i nghi?m d? d?ng v? ??ng tin c?y. | L?i ?ch ch?nh: | - Gi?i quy?t nhu c?u th??ng g?p b?ng l?ch tr?nh nh?; homestay trung t?m; xe ??a ??n. | - D? b?t ??u; d? duy tr? trong sinh ho?t h?ng ng?y. | ?i?m c?n bi?t: N?i dung kh?ng b?a th?m ch?ng nh?n hay con s? ngo?i brief. | CTA: Nh?n tin ?? ???c t? v?n l?a ch?n ph? h?p.,travel,emotional
TYPE=social | INDUSTRY=travel | TONE=friendly | PRODUCT=tour ?? L?t cu?i tu?n | AUDIENCE=nh?m b?n mu?n ngh? ng?n ng?y | FEATURES=l?ch tr?nh nh?; homestay trung t?m; xe ??a ??n | OFFER=t?ng bu?i workshop pha c? ph? | BRAND_RULES=vi?t r? r?ng; c? d?u; kh?ng b?a s? li?u; kh?ng ph?ng ??i; CTA m?m,Hook: Nh?m b?n mu?n ngh? ng?n ng?y th??ng c?n m?t l?a ch?n ??n gi?n m? d?ng ???c l?u. | Caption: Tour ?? l?t cu?i tu?n gi?p vi?c h?ng ng?y nh? h?n nh? l?ch tr?nh nh?; homestay trung t?m; xe ??a ??n. T?ng th?n thi?n; r? l?i ?ch; kh?ng n?i qu? v? kh?ng t?o c?m gi?c ?p mua. | L? do n?n c?n nh?c: | - Ph? h?p v?i nhu c?u th?c t?. | - C? ?u ??i: t?ng bu?i workshop pha c? ph?. | CTA: L?u l?i ho?c nh?n shop ?? h?i th?m tr??c khi ch?n.,travel,friendly
TYPE=email | INDUSTRY=travel | TONE=professional | PRODUCT=tour ?? L?t cu?i tu?n | AUDIENCE=nh?m b?n mu?n ngh? ng?n ng?y | FEATURES=l?ch tr?nh nh?; homestay trung t?m; xe ??a ??n | OFFER=t?ng bu?i workshop pha c? ph? | BRAND_RULES=vi?t r? r?ng; c? d?u; kh?ng b?a s? li?u; kh?ng ph?ng ??i; CTA m?m,Subject: G?i ? tour ?? L?t cu?i tu?n d?nh cho b?n | Preview text: M?t l?a ch?n th?c t? cho nh?m b?n mu?n ngh? ng?n ng?y. | L?i ch?o: Ch?o b?n; | N?i dung ch?nh: N?u b?n ?ang t?m tour ?? L?t cu?i tu?n; ?i?m ??ng ch? ? l? l?ch tr?nh nh?; homestay trung t?m; xe ??a ??n. S?n ph?m ph? h?p v?i nh?m b?n mu?n ngh? ng?n ng?y mu?n ch?n nhanh nh?ng v?n c?n th?ng tin r? r?ng. | ?u ??i hi?n c?: t?ng bu?i workshop pha c? ph?. | CTA: Tr? l?i email n?y ?? ???c t? v?n l?a ch?n ph? h?p.,travel,professional
TYPE=cta | INDUSTRY=travel | TONE=luxury | PRODUCT=tour ?? L?t cu?i tu?n | AUDIENCE=nh?m b?n mu?n ngh? ng?n ng?y | FEATURES=l?ch tr?nh nh?; homestay trung t?m; xe ??a ??n | OFFER=t?ng bu?i workshop pha c? ph? | BRAND_RULES=vi?t r? r?ng; c? d?u; kh?ng b?a s? li?u; kh?ng ph?ng ??i; CTA m?m,CTA ch?nh: T?m l?a ch?n ph? h?p v?i b?n | Microcopy: Xem th?m th?ng tin v? tour ?? L?t cu?i tu?n v? h?i tr??c khi quy?t ??nh. | Ng? c?nh d?ng: ??t d??i ph?n m? t? ho?c cu?i landing page ?? chuy?n t? quan t?m sang h?nh ??ng.,travel,luxury
TYPE=landing | INDUSTRY=travel | TONE=urgent | PRODUCT=tour ?? L?t cu?i tu?n | AUDIENCE=nh?m b?n mu?n ngh? ng?n ng?y | FEATURES=l?ch tr?nh nh?; homestay trung t?m; xe ??a ??n | OFFER=t?ng bu?i workshop pha c? ph? | BRAND_RULES=vi?t r? r?ng; c? d?u; kh?ng b?a s? li?u; kh?ng ph?ng ??i; CTA m?m,Hero headline: Tour ?? l?t cu?i tu?n cho nh?m b?n mu?n ngh? ng?n ng?y | Subheadline: M?t l?a ch?n kh?n tr??ng nh?ng kh?ng g?y ?p l?c qu? ??; r? c?ng d?ng v? kh?ng th?i ph?ng. | L?i ?ch ch?nh: | - H? tr? nhu c?u nh? l?ch tr?nh nh?; homestay trung t?m; xe ??a ??n. | - Th?ng tin minh b?ch; d? so s?nh tr??c khi mua. | - C? ?u ??i: t?ng bu?i workshop pha c? ph?. | B?ng ch?ng ph? h?p: Ch? d?ng d? ki?n c? trong brief; kh?ng b?a s? review ho?c ch?ng nh?n. | CTA: Nh?n tin ?? ???c t? v?n tr??c khi ??t h?ng.,travel,urgent
TYPE=seo | INDUSTRY=travel | TONE=emotional | PRODUCT=tour ?? L?t cu?i tu?n | AUDIENCE=nh?m b?n mu?n ngh? ng?n ng?y | FEATURES=l?ch tr?nh nh?; homestay trung t?m; xe ??a ??n | OFFER=t?ng bu?i workshop pha c? ph? | BRAND_RULES=vi?t r? r?ng; c? d?u; kh?ng b?a s? li?u; kh?ng ph?ng ??i; CTA m?m,SEO title: Tour ?? l?t cu?i tu?n cho nh?m b?n mu?n ngh? ng?n ng?y | Meta description: T?m hi?u tour ?? L?t cu?i tu?n v?i ?i?m m?nh l?ch tr?nh nh?; homestay trung t?m; xe ??a ??n. Th?ng tin r? r?ng; kh?ng ph?ng ??i; c? ?u ??i t?ng bu?i workshop pha c? ph?. | Slug: tour-l-t-cu-i-tu-n | Heading g?i ?: | - H2: V? sao nh?m b?n mu?n ngh? ng?n ng?y n?n c?n nh?c? | - H2: L?i ?ch ch?nh c?a s?n ph?m | - H3: C?ch ch?n tr??c khi mua,travel,emotional
TYPE=review | INDUSTRY=travel | TONE=friendly | PRODUCT=tour ?? L?t cu?i tu?n | AUDIENCE=nh?m b?n mu?n ngh? ng?n ng?y | FEATURES=l?ch tr?nh nh?; homestay trung t?m; xe ??a ??n | OFFER=t?ng bu?i workshop pha c? ph? | BRAND_RULES=vi?t r? r?ng; c? d?u; kh?ng b?a s? li?u; kh?ng ph?ng ??i; CTA m?m,Quote: "T?i ch?n tour ?? L?t cu?i tu?n v? th?ng tin r? r?ng v? ??ng nhu c?u. ?i?m t?i th?ch l? l?ch tr?nh nh?; homestay trung t?m; xe ??a ??n; kh?ng c?n nghe nh?ng l?i qu?ng c?o qu? ??." | Ng??i ??nh gi?: Kh?ch h?ng thu?c nh?m nh?m b?n mu?n ngh? ng?n ng?y. | B?i c?nh: C?n m?t l?a ch?n ??ng tin tr??c khi mua. | K?t qu?: Hi?u nhanh l?i ?ch v? d? quy?t ??nh h?n. | CTA m?m: N?u b?n c? nhu c?u t??ng t?; h?y h?i th?m th?ng tin tr??c khi ch?n.,travel,friendly
TYPE=headline | INDUSTRY=business | TONE=friendly | PRODUCT=d?ch v? ch?p ?nh s?n ph?m | AUDIENCE=shop m?i c?n ?nh b?n h?ng chuy?n nghi?p | FEATURES=concept theo ng?nh; ch?nh m?u ??ng b?; b?n giao nhanh | OFFER=t?ng 3 ?nh lifestyle | BRAND_RULES=vi?t r? r?ng; c? d?u; kh?ng b?a s? li?u; kh?ng ph?ng ??i; CTA m?m,Headline: D?ch v? ch?p ?nh s?n ph?m cho shop m?i c?n ?nh b?n h?ng chuy?n nghi?p | Subheadline: Thi?t k? th?c t?; d?ng h?ng ng?y tho?i m?i h?n nh? concept theo ng?nh; ch?nh m?u ??ng b?; b?n giao nhanh. | CTA: Xem l?a ch?n ph? h?p h?m nay.,business,friendly
TYPE=description | INDUSTRY=business | TONE=professional | PRODUCT=d?ch v? ch?p ?nh s?n ph?m | AUDIENCE=shop m?i c?n ?nh b?n h?ng chuy?n nghi?p | FEATURES=concept theo ng?nh; ch?nh m?u ??ng b?; b?n giao nhanh | OFFER=t?ng 3 ?nh lifestyle | BRAND_RULES=vi?t r? r?ng; c? d?u; kh?ng b?a s? li?u; kh?ng ph?ng ??i; CTA m?m,M? t? ng?n: D?ch v? ch?p ?nh s?n ph?m d?nh cho shop m?i c?n ?nh b?n h?ng chuy?n nghi?p; t?p trung v?o tr?i nghi?m d? d?ng v? ??ng tin c?y. | L?i ?ch ch?nh: | - Gi?i quy?t nhu c?u th??ng g?p b?ng concept theo ng?nh; ch?nh m?u ??ng b?; b?n giao nhanh. | - D? b?t ??u; d? duy tr? trong sinh ho?t h?ng ng?y. | ?i?m c?n bi?t: N?i dung kh?ng b?a th?m ch?ng nh?n hay con s? ngo?i brief. | CTA: Nh?n tin ?? ???c t? v?n l?a ch?n ph? h?p.,business,professional
TYPE=social | INDUSTRY=business | TONE=luxury | PRODUCT=d?ch v? ch?p ?nh s?n ph?m | AUDIENCE=shop m?i c?n ?nh b?n h?ng chuy?n nghi?p | FEATURES=concept theo ng?nh; ch?nh m?u ??ng b?; b?n giao nhanh | OFFER=t?ng 3 ?nh lifestyle | BRAND_RULES=vi?t r? r?ng; c? d?u; kh?ng b?a s? li?u; kh?ng ph?ng ??i; CTA m?m,Hook: Shop m?i c?n ?nh b?n h?ng chuy?n nghi?p th??ng c?n m?t l?a ch?n ??n gi?n m? d?ng ???c l?u. | Caption: D?ch v? ch?p ?nh s?n ph?m gi?p vi?c h?ng ng?y nh? h?n nh? concept theo ng?nh; ch?nh m?u ??ng b?; b?n giao nhanh. T?ng cao c?p; tinh t?; r? l?i ?ch; kh?ng n?i qu? v? kh?ng t?o c?m gi?c ?p mua. | L? do n?n c?n nh?c: | - Ph? h?p v?i nhu c?u th?c t?. | - C? ?u ??i: t?ng 3 ?nh lifestyle. | CTA: L?u l?i ho?c nh?n shop ?? h?i th?m tr??c khi ch?n.,business,luxury
TYPE=email | INDUSTRY=business | TONE=urgent | PRODUCT=d?ch v? ch?p ?nh s?n ph?m | AUDIENCE=shop m?i c?n ?nh b?n h?ng chuy?n nghi?p | FEATURES=concept theo ng?nh; ch?nh m?u ??ng b?; b?n giao nhanh | OFFER=t?ng 3 ?nh lifestyle | BRAND_RULES=vi?t r? r?ng; c? d?u; kh?ng b?a s? li?u; kh?ng ph?ng ??i; CTA m?m,Subject: G?i ? d?ch v? ch?p ?nh s?n ph?m d?nh cho b?n | Preview text: M?t l?a ch?n th?c t? cho shop m?i c?n ?nh b?n h?ng chuy?n nghi?p. | L?i ch?o: Ch?o b?n; | N?i dung ch?nh: N?u b?n ?ang t?m d?ch v? ch?p ?nh s?n ph?m; ?i?m ??ng ch? ? l? concept theo ng?nh; ch?nh m?u ??ng b?; b?n giao nhanh. S?n ph?m ph? h?p v?i shop m?i c?n ?nh b?n h?ng chuy?n nghi?p mu?n ch?n nhanh nh?ng v?n c?n th?ng tin r? r?ng. | ?u ??i hi?n c?: t?ng 3 ?nh lifestyle. | CTA: Tr? l?i email n?y ?? ???c t? v?n l?a ch?n ph? h?p.,business,urgent
TYPE=cta | INDUSTRY=business | TONE=emotional | PRODUCT=d?ch v? ch?p ?nh s?n ph?m | AUDIENCE=shop m?i c?n ?nh b?n h?ng chuy?n nghi?p | FEATURES=concept theo ng?nh; ch?nh m?u ??ng b?; b?n giao nhanh | OFFER=t?ng 3 ?nh lifestyle | BRAND_RULES=vi?t r? r?ng; c? d?u; kh?ng b?a s? li?u; kh?ng ph?ng ??i; CTA m?m,CTA ch?nh: T?m l?a ch?n ph? h?p v?i b?n | Microcopy: Xem th?m th?ng tin v? d?ch v? ch?p ?nh s?n ph?m v? h?i tr??c khi quy?t ??nh. | Ng? c?nh d?ng: ??t d??i ph?n m? t? ho?c cu?i landing page ?? chuy?n t? quan t?m sang h?nh ??ng.,business,emotional
TYPE=landing | INDUSTRY=business | TONE=friendly | PRODUCT=d?ch v? ch?p ?nh s?n ph?m | AUDIENCE=shop m?i c?n ?nh b?n h?ng chuy?n nghi?p | FEATURES=concept theo ng?nh; ch?nh m?u ??ng b?; b?n giao nhanh | OFFER=t?ng 3 ?nh lifestyle | BRAND_RULES=vi?t r? r?ng; c? d?u; kh?ng b?a s? li?u; kh?ng ph?ng ??i; CTA m?m,Hero headline: D?ch v? ch?p ?nh s?n ph?m cho shop m?i c?n ?nh b?n h?ng chuy?n nghi?p | Subheadline: M?t l?a ch?n th?n thi?n; r? c?ng d?ng v? kh?ng th?i ph?ng. | L?i ?ch ch?nh: | - H? tr? nhu c?u nh? concept theo ng?nh; ch?nh m?u ??ng b?; b?n giao nhanh. | - Th?ng tin minh b?ch; d? so s?nh tr??c khi mua. | - C? ?u ??i: t?ng 3 ?nh lifestyle. | B?ng ch?ng ph? h?p: Ch? d?ng d? ki?n c? trong brief; kh?ng b?a s? review ho?c ch?ng nh?n. | CTA: Nh?n tin ?? ???c t? v?n tr??c khi ??t h?ng.,business,friendly
TYPE=seo | INDUSTRY=business | TONE=professional | PRODUCT=d?ch v? ch?p ?nh s?n ph?m | AUDIENCE=shop m?i c?n ?nh b?n h?ng chuy?n nghi?p | FEATURES=concept theo ng?nh; ch?nh m?u ??ng b?; b?n giao nhanh | OFFER=t?ng 3 ?nh lifestyle | BRAND_RULES=vi?t r? r?ng; c? d?u; kh?ng b?a s? li?u; kh?ng ph?ng ??i; CTA m?m,SEO title: D?ch v? ch?p ?nh s?n ph?m cho shop m?i c?n ?nh b?n h?ng chuy?n nghi?p | Meta description: T?m hi?u d?ch v? ch?p ?nh s?n ph?m v?i ?i?m m?nh concept theo ng?nh; ch?nh m?u ??ng b?; b?n giao nhanh. Th?ng tin r? r?ng; kh?ng ph?ng ??i; c? ?u ??i t?ng 3 ?nh lifestyle. | Slug: d-ch-v-ch-p-nh-s-n-ph-m | Heading g?i ?: | - H2: V? sao shop m?i c?n ?nh b?n h?ng chuy?n nghi?p n?n c?n nh?c? | - H2: L?i ?ch ch?nh c?a s?n ph?m | - H3: C?ch ch?n tr??c khi mua,business,professional
TYPE=review | INDUSTRY=business | TONE=luxury | PRODUCT=d?ch v? ch?p ?nh s?n ph?m | AUDIENCE=shop m?i c?n ?nh b?n h?ng chuy?n nghi?p | FEATURES=concept theo ng?nh; ch?nh m?u ??ng b?; b?n giao nhanh | OFFER=t?ng 3 ?nh lifestyle | BRAND_RULES=vi?t r? r?ng; c? d?u; kh?ng b?a s? li?u; kh?ng ph?ng ??i; CTA m?m,Quote: "T?i ch?n d?ch v? ch?p ?nh s?n ph?m v? th?ng tin r? r?ng v? ??ng nhu c?u. ?i?m t?i th?ch l? concept theo ng?nh; ch?nh m?u ??ng b?; b?n giao nhanh; kh?ng c?n nghe nh?ng l?i qu?ng c?o qu? ??." | Ng??i ??nh gi?: Kh?ch h?ng thu?c nh?m shop m?i c?n ?nh b?n h?ng chuy?n nghi?p. | B?i c?nh: C?n m?t l?a ch?n ??ng tin tr??c khi mua. | K?t qu?: Hi?u nhanh l?i ?ch v? d? quy?t ??nh h?n. | CTA m?m: N?u b?n c? nhu c?u t??ng t?; h?y h?i th?m th?ng tin tr??c khi ch?n.,business,luxury
TYPE=headline | INDUSTRY=home | TONE=emotional | PRODUCT=n?n th?m s?p ??u n?nh | AUDIENCE=ng??i th?ch th? gi?n t?i nh? | FEATURES=h??ng d?u; ch?y ??u; l? th?y tinh t?i s? d?ng | OFFER=mua 2 t?ng 1 tealight | BRAND_RULES=vi?t r? r?ng; c? d?u; kh?ng b?a s? li?u; kh?ng ph?ng ??i; CTA m?m,Headline: N?n th?m s?p ??u n?nh cho ng??i th?ch th? gi?n t?i nh? | Subheadline: Thi?t k? th?c t?; d?ng h?ng ng?y tho?i m?i h?n nh? h??ng d?u; ch?y ??u; l? th?y tinh t?i s? d?ng. | CTA: Xem l?a ch?n ph? h?p h?m nay.,home,emotional
TYPE=description | INDUSTRY=home | TONE=friendly | PRODUCT=n?n th?m s?p ??u n?nh | AUDIENCE=ng??i th?ch th? gi?n t?i nh? | FEATURES=h??ng d?u; ch?y ??u; l? th?y tinh t?i s? d?ng | OFFER=mua 2 t?ng 1 tealight | BRAND_RULES=vi?t r? r?ng; c? d?u; kh?ng b?a s? li?u; kh?ng ph?ng ??i; CTA m?m,M? t? ng?n: N?n th?m s?p ??u n?nh d?nh cho ng??i th?ch th? gi?n t?i nh?; t?p trung v?o tr?i nghi?m d? d?ng v? ??ng tin c?y. | L?i ?ch ch?nh: | - Gi?i quy?t nhu c?u th??ng g?p b?ng h??ng d?u; ch?y ??u; l? th?y tinh t?i s? d?ng. | - D? b?t ??u; d? duy tr? trong sinh ho?t h?ng ng?y. | ?i?m c?n bi?t: N?i dung kh?ng b?a th?m ch?ng nh?n hay con s? ngo?i brief. | CTA: Nh?n tin ?? ???c t? v?n l?a ch?n ph? h?p.,home,friendly
TYPE=social | INDUSTRY=home | TONE=professional | PRODUCT=n?n th?m s?p ??u n?nh | AUDIENCE=ng??i th?ch th? gi?n t?i nh? | FEATURES=h??ng d?u; ch?y ??u; l? th?y tinh t?i s? d?ng | OFFER=mua 2 t?ng 1 tealight | BRAND_RULES=vi?t r? r?ng; c? d?u; kh?ng b?a s? li?u; kh?ng ph?ng ??i; CTA m?m,Hook: Ng??i th?ch th? gi?n t?i nh? th??ng c?n m?t l?a ch?n ??n gi?n m? d?ng ???c l?u. | Caption: N?n th?m s?p ??u n?nh gi?p vi?c h?ng ng?y nh? h?n nh? h??ng d?u; ch?y ??u; l? th?y tinh t?i s? d?ng. T?ng chuy?n nghi?p; r? l?i ?ch; kh?ng n?i qu? v? kh?ng t?o c?m gi?c ?p mua. | L? do n?n c?n nh?c: | - Ph? h?p v?i nhu c?u th?c t?. | - C? ?u ??i: mua 2 t?ng 1 tealight. | CTA: L?u l?i ho?c nh?n shop ?? h?i th?m tr??c khi ch?n.,home,professional
TYPE=email | INDUSTRY=home | TONE=luxury | PRODUCT=n?n th?m s?p ??u n?nh | AUDIENCE=ng??i th?ch th? gi?n t?i nh? | FEATURES=h??ng d?u; ch?y ??u; l? th?y tinh t?i s? d?ng | OFFER=mua 2 t?ng 1 tealight | BRAND_RULES=vi?t r? r?ng; c? d?u; kh?ng b?a s? li?u; kh?ng ph?ng ??i; CTA m?m,Subject: G?i ? n?n th?m s?p ??u n?nh d?nh cho b?n | Preview text: M?t l?a ch?n th?c t? cho ng??i th?ch th? gi?n t?i nh?. | L?i ch?o: Ch?o b?n; | N?i dung ch?nh: N?u b?n ?ang t?m n?n th?m s?p ??u n?nh; ?i?m ??ng ch? ? l? h??ng d?u; ch?y ??u; l? th?y tinh t?i s? d?ng. S?n ph?m ph? h?p v?i ng??i th?ch th? gi?n t?i nh? mu?n ch?n nhanh nh?ng v?n c?n th?ng tin r? r?ng. | ?u ??i hi?n c?: mua 2 t?ng 1 tealight. | CTA: Tr? l?i email n?y ?? ???c t? v?n l?a ch?n ph? h?p.,home,luxury
TYPE=cta | INDUSTRY=home | TONE=urgent | PRODUCT=n?n th?m s?p ??u n?nh | AUDIENCE=ng??i th?ch th? gi?n t?i nh? | FEATURES=h??ng d?u; ch?y ??u; l? th?y tinh t?i s? d?ng | OFFER=mua 2 t?ng 1 tealight | BRAND_RULES=vi?t r? r?ng; c? d?u; kh?ng b?a s? li?u; kh?ng ph?ng ??i; CTA m?m,CTA ch?nh: T?m l?a ch?n ph? h?p v?i b?n | Microcopy: Xem th?m th?ng tin v? n?n th?m s?p ??u n?nh v? h?i tr??c khi quy?t ??nh. | Ng? c?nh d?ng: ??t d??i ph?n m? t? ho?c cu?i landing page ?? chuy?n t? quan t?m sang h?nh ??ng.,home,urgent
TYPE=landing | INDUSTRY=home | TONE=emotional | PRODUCT=n?n th?m s?p ??u n?nh | AUDIENCE=ng??i th?ch th? gi?n t?i nh? | FEATURES=h??ng d?u; ch?y ??u; l? th?y tinh t?i s? d?ng | OFFER=mua 2 t?ng 1 tealight | BRAND_RULES=vi?t r? r?ng; c? d?u; kh?ng b?a s? li?u; kh?ng ph?ng ??i; CTA m?m,Hero headline: N?n th?m s?p ??u n?nh cho ng??i th?ch th? gi?n t?i nh? | Subheadline: M?t l?a ch?n c?m x?c; g?n g?i; r? c?ng d?ng v? kh?ng th?i ph?ng. | L?i ?ch ch?nh: | - H? tr? nhu c?u nh? h??ng d?u; ch?y ??u; l? th?y tinh t?i s? d?ng. | - Th?ng tin minh b?ch; d? so s?nh tr??c khi mua. | - C? ?u ??i: mua 2 t?ng 1 tealight. | B?ng ch?ng ph? h?p: Ch? d?ng d? ki?n c? trong brief; kh?ng b?a s? review ho?c ch?ng nh?n. | CTA: Nh?n tin ?? ???c t? v?n tr??c khi ??t h?ng.,home,emotional
TYPE=seo | INDUSTRY=home | TONE=friendly | PRODUCT=n?n th?m s?p ??u n?nh | AUDIENCE=ng??i th?ch th? gi?n t?i nh? | FEATURES=h??ng d?u; ch?y ??u; l? th?y tinh t?i s? d?ng | OFFER=mua 2 t?ng 1 tealight | BRAND_RULES=vi?t r? r?ng; c? d?u; kh?ng b?a s? li?u; kh?ng ph?ng ??i; CTA m?m,SEO title: N?n th?m s?p ??u n?nh cho ng??i th?ch th? gi?n t?i nh? | Meta description: T?m hi?u n?n th?m s?p ??u n?nh v?i ?i?m m?nh h??ng d?u; ch?y ??u; l? th?y tinh t?i s? d?ng. Th?ng tin r? r?ng; kh?ng ph?ng ??i; c? ?u ??i mua 2 t?ng 1 tealight. | Slug: n-n-th-m-s-p-u-n-nh | Heading g?i ?: | - H2: V? sao ng??i th?ch th? gi?n t?i nh? n?n c?n nh?c? | - H2: L?i ?ch ch?nh c?a s?n ph?m | - H3: C?ch ch?n tr??c khi mua,home,friendly
TYPE=review | INDUSTRY=home | TONE=professional | PRODUCT=n?n th?m s?p ??u n?nh | AUDIENCE=ng??i th?ch th? gi?n t?i nh? | FEATURES=h??ng d?u; ch?y ??u; l? th?y tinh t?i s? d?ng | OFFER=mua 2 t?ng 1 tealight | BRAND_RULES=vi?t r? r?ng; c? d?u; kh?ng b?a s? li?u; kh?ng ph?ng ??i; CTA m?m,Quote: "T?i ch?n n?n th?m s?p ??u n?nh v? th?ng tin r? r?ng v? ??ng nhu c?u. ?i?m t?i th?ch l? h??ng d?u; ch?y ??u; l? th?y tinh t?i s? d?ng; kh?ng c?n nghe nh?ng l?i qu?ng c?o qu? ??." | Ng??i ??nh gi?: Kh?ch h?ng thu?c nh?m ng??i th?ch th? gi?n t?i nh?. | B?i c?nh: C?n m?t l?a ch?n ??ng tin tr??c khi mua. | K?t qu?: Hi?u nhanh l?i ?ch v? d? quy?t ??nh h?n. | CTA m?m: N?u b?n c? nhu c?u t??ng t?; h?y h?i th?m th?ng tin tr??c khi ch?n.,home,professional
